src_idx,dst_idx,src_accession,dst_accession,pmi_weight
0,73,A0AAJI0Y8,Q9479T6B,2.014903
73,0,Q9479T6B,A0AAJI0Y8,2.014903
0,147,A0AAJI0Y8,Q9C1HH5V,1.609438
147,0,Q9C1HH5V,A0AAJI0Y8,1.609438
0,9,A0AAJI0Y8,Q9Y41IBU,1.4916549
9,0,Q9Y41IBU,A0AAJI0Y8,1.4916549
0,119,A0AAJI0Y8,O0Z3NX3J,1.4916549
119,0,O0Z3NX3J,A0AAJI0Y8,1.4916549
0,17,A0AAJI0Y8,A0A5KXVFK,1.4552872
17,0,A0A5KXVFK,A0AAJI0Y8,1.4552872
0,137,A0AAJI0Y8,A0AQC1IYZ,1.4552872
137,0,A0AQC1IYZ,A0AAJI0Y8,1.4552872
0,8,A0AAJI0Y8,A0AVG0FN9,1.3862944
8,0,A0AVG0FN9,A0AAJI0Y8,1.3862944
0,50,A0AAJI0Y8,O0M35IXZ,1.3862944
50,0,O0M35IXZ,A0AAJI0Y8,1.3862944
0,160,A0AAJI0Y8,A0A8VMUH4,1.3862944
160,0,A0A8VMUH4,A0AAJI0Y8,1.3862944
0,40,A0AAJI0Y8,A0A7EEDTR,1.2039728
40,0,A0A7EEDTR,A0AAJI0Y8,1.2039728
0,55,A0AAJI0Y8,Q9NCXLLH,1.2039728
55,0,Q9NCXLLH,A0AAJI0Y8,1.2039728
0,68,A0AAJI0Y8,A0AZIM6CJ,1.2039728
68,0,A0AZIM6CJ,A0AAJI0Y8,1.2039728
0,117,A0AAJI0Y8,Q9QRL1NU,1.2039728
117,0,Q9QRL1NU,A0AAJI0Y8,1.2039728
0,35,A0AAJI0Y8,A0AWPVS7N,1.2039728
35,0,A0AWPVS7N,A0AAJI0Y8,1.2039728
0,96,A0AAJI0Y8,Q9FUK9E0,1.2039728
96,0,Q9FUK9E0,A0AAJI0Y8,1.2039728
1,11,A0AVBDIV9,O05XFF08,1.3752445
11,1,O05XFF08,A0AVBDIV9,1.3752445
1,70,A0AVBDIV9,O0C3O18B,1.3062516
70,1,O0C3O18B,A0AVBDIV9,1.3062516
1,152,A0AVBDIV9,P0Q8CROG,1.2780808
152,1,P0Q8CROG,A0AVBDIV9,1.2780808
1,172,A0AVBDIV9,O0UZPEAU,1.2780808
172,1,O0UZPEAU,A0AVBDIV9,1.2780808
1,100,A0AVBDIV9,O0KIZZQO,1.2417132
100,1,O0KIZZQO,A0AVBDIV9,1.2417132
1,150,A0AVBDIV9,P0AJEPEE,1.2417132
150,1,P0AJEPEE,A0AVBDIV9,1.2417132
1,145,A0AVBDIV9,P0CJ883F,1.192923
145,1,P0CJ883F,A0AVBDIV9,1.192923
1,178,A0AVBDIV9,O011Q7UU,1.192923
178,1,O011Q7UU,A0AVBDIV9,1.192923
1,194,A0AVBDIV9,P0YUP126,1.1239301
194,1,P0YUP126,A0AVBDIV9,1.1239301
1,45,A0AVBDIV9,Q9PBN78C,1.0593916
45,1,Q9PBN78C,A0AVBDIV9,1.0593916
1,8,A0AVBDIV9,A0AVG0FN9,1.0185696
8,1,A0AVG0FN9,A0AVBDIV9,1.0185696
1,15,A0AVBDIV9,A0AYTJXE1,1.0185696
15,1,A0AYTJXE1,A0AVBDIV9,1.0185696
1,50,A0AVBDIV9,O0M35IXZ,1.0185696
50,1,O0M35IXZ,A0AVBDIV9,1.0185696
1,211,A0AVBDIV9,P0BXK5BV,1.0185696
211,1,P0BXK5BV,A0AVBDIV9,1.0185696
1,66,A0AVBDIV9,O03T60RQ,1.0185696
66,1,O03T60RQ,A0AVBDIV9,1.0185696
2,109,Q9ZZPQKA,O0DJE15A,1.5888187
109,2,O0DJE15A,Q9ZZPQKA,1.5888187
2,203,Q9ZZPQKA,A0AD6VASP,1.4552872
203,2,A0AD6VASP,Q9ZZPQKA,1.4552872
2,78,Q9ZZPQKA,O0YUHZ1K,1.4552872
78,2,O0YUHZ1K,Q9ZZPQKA,1.4552872
2,28,Q9ZZPQKA,P0Q5C34G,1.3375041
28,2,P0Q5C34G,Q9ZZPQKA,1.3375041
2,136,Q9ZZPQKA,P03J3R3V,1.3011365
136,2,P03J3R3V,Q9ZZPQKA,1.3011365
2,12,Q9ZZPQKA,P00PVN9I,1.2321436
12,2,P00PVN9I,Q9ZZPQKA,1.2321436
2,171,Q9ZZPQKA,P0C5BA7U,1.2321436
171,2,P0C5BA7U,Q9ZZPQKA,1.2321436
2,183,Q9ZZPQKA,O0D6MZSL,1.2321436
183,2,O0D6MZSL,Q9ZZPQKA,1.2321436
2,40,Q9ZZPQKA,A0A7EEDTR,1.0498221
40,2,A0A7EEDTR,Q9ZZPQKA,1.0498221
2,20,Q9ZZPQKA,Q9ERTJ51,1.0498221
20,2,Q9ERTJ51,Q9ZZPQKA,1.0498221
2,103,Q9ZZPQKA,P0PQKOJ8,1.0498221
103,2,P0PQKOJ8,Q9ZZPQKA,1.0498221
2,161,Q9ZZPQKA,Q94MUEKO,1.0498221
161,2,Q94MUEKO,Q9ZZPQKA,1.0498221
2,130,Q9ZZPQKA,O04HNRIW,1.0498221
130,2,O04HNRIW,Q9ZZPQKA,1.0498221
2,33,Q9ZZPQKA,A0ABR7TC6,0.9444616
33,2,A0ABR7TC6,Q9ZZPQKA,0.9444616
2,74,Q9ZZPQKA,A0AXEQBNN,0.8956714
74,2,A0AXEQBNN,Q9ZZPQKA,0.8956714
3,54,Q9ZMF8MF,A0ANUJZA8,1.4916549
54,3,A0ANUJZA8,Q9ZMF8MF,1.4916549
3,135,Q9ZMF8MF,P00GET87,1.3093333
135,3,P00GET87,Q9ZMF8MF,1.3093333
3,23,Q9ZMF8MF,Q9VAZCCC,1.2039728
23,3,Q9VAZCCC,Q9ZMF8MF,1.2039728
3,30,Q9ZMF8MF,Q9OR56FA,1.2039728
30,3,Q9OR56FA,Q9ZMF8MF,1.2039728
3,76,Q9ZMF8MF,A0AQ0B8IE,1.2039728
76,3,A0AQ0B8IE,Q9ZMF8MF,1.2039728
3,154,Q9ZMF8MF,P0WVZNVS,1.2039728
154,3,P0WVZNVS,Q9ZMF8MF,1.2039728
3,165,Q9ZMF8MF,Q9NQFLLF,1.2039728
165,3,Q9NQFLLF,Q9ZMF8MF,1.2039728
3,185,Q9ZMF8MF,P0N1YBWV,1.2039728
185,3,P0N1YBWV,Q9ZMF8MF,1.2039728
3,189,Q9ZMF8MF,A0AXPNNGN,1.2039728
189,3,A0AXPNNGN,Q9ZMF8MF,1.2039728
3,210,Q9ZMF8MF,Q95LLO34,1.2039728
210,3,Q95LLO34,Q9ZMF8MF,1.2039728
3,94,Q9ZMF8MF,A0A5UQPGD,1.2039728
94,3,A0A5UQPGD,Q9ZMF8MF,1.2039728
3,4,Q9ZMF8MF,O0D4V308,1.2039728
4,3,O0D4V308,Q9ZMF8MF,1.2039728
3,64,Q9ZMF8MF,Q9G8SBIH,1.0861897
64,3,Q9G8SBIH,Q9ZMF8MF,1.0861897
3,138,Q9ZMF8MF,P0DOJENQ,1.0861897
138,3,P0DOJENQ,Q9ZMF8MF,1.0861897
3,65,Q9ZMF8MF,O0EQTUL2,1.0498221
65,3,O0EQTUL2,Q9ZMF8MF,1.0498221
4,23,O0D4V308,Q9VAZCCC,1.3217559
23,4,Q9VAZCCC,O0D4V308,1.3217559
4,54,O0D4V308,A0ANUJZA8,1.2039728
54,4,A0ANUJZA8,O0D4V308,1.2039728
4,196,O0D4V308,P0TD44KK,1.2039728
196,4,P0TD44KK,O0D4V308,1.2039728
4,183,O0D4V308,O0D6MZSL,1.0986123
183,4,O0D6MZSL,O0D4V308,1.0986123
4,7,O0D4V308,A0ANQ4FMR,1.0498221
7,4,A0ANQ4FMR,O0D4V308,1.0498221
4,93,O0D4V308,Q9J9TZE5,1.0498221
93,4,Q9J9TZE5,O0D4V308,1.0498221
4,215,O0D4V308,P0XLVPYW,1.0498221
215,4,P0XLVPYW,O0D4V308,1.0498221
4,64,O0D4V308,Q9G8SBIH,1.0216513
64,4,Q9G8SBIH,O0D4V308,1.0216513
4,157,O0D4V308,P0PXNF7E,0.91629076
157,4,P0PXNF7E,O0D4V308,0.91629076
4,30,O0D4V308,Q9OR56FA,0.91629076
30,4,Q9OR56FA,O0D4V308,0.91629076
4,166,O0D4V308,A0AF1BCP1,0.91629076
166,4,A0AF1BCP1,O0D4V308,0.91629076
4,200,O0D4V308,Q9B7R314,0.91629076
200,4,Q9B7R314,O0D4V308,0.91629076
4,110,O0D4V308,O0OGN1WD,0.91629076
110,4,O0OGN1WD,O0D4V308,0.91629076
4,143,O0D4V308,O0X4W7KX,0.91629076
143,4,O0X4W7KX,O0D4V308,0.91629076
5,15,A0A9NT3WX,A0AYTJXE1,1.974081
15,5,A0AYTJXE1,A0A9NT3WX,1.974081
5,178,A0A9NT3WX,O011Q7UU,1.9252908
178,5,O011Q7UU,A0A9NT3WX,1.9252908
5,23,A0A9NT3WX,Q9VAZCCC,1.7917595
23,5,Q9VAZCCC,A0A9NT3WX,1.7917595
5,165,A0A9NT3WX,Q9NQFLLF,1.7917595
165,5,Q9NQFLLF,A0A9NT3WX,1.7917595
5,124,A0A9NT3WX,Q9W790PG,1.6739764
124,5,Q9W790PG,A0A9NT3WX,1.6739764
5,27,A0A9NT3WX,P02DGTFL,1.5040774
27,5,P02DGTFL,A0A9NT3WX,1.5040774
5,36,A0A9NT3WX,P0IOYKLE,1.5040774
36,5,P0IOYKLE,A0A9NT3WX,1.5040774
5,102,A0A9NT3WX,Q9X63CFT,1.5040774
102,5,Q9X63CFT,A0A9NT3WX,1.5040774
5,91,A0A9NT3WX,A0A08YG0R,1.3862944
91,5,A0A08YG0R,A0A9NT3WX,1.3862944
5,198,A0A9NT3WX,P07OONNF,1.3862944
198,5,P07OONNF,A0A9NT3WX,1.3862944
5,106,A0A9NT3WX,A0A1GSPK1,1.3062516
106,5,A0A1GSPK1,A0A9NT3WX,1.3062516
5,93,A0A9NT3WX,Q9J9TZE5,1.2321436
93,5,Q9J9TZE5,A0A9NT3WX,1.2321436
5,159,A0A9NT3WX,A0AVULEM1,1.2321436
159,5,A0AVULEM1,A0A9NT3WX,1.2321436
5,58,A0A9NT3WX,A0AKH2VL2,1.0986123
58,5,A0AKH2VL2,A0A9NT3WX,1.0986123
5,73,A0A9NT3WX,Q9479T6B,1.0986123
73,5,Q9479T6B,A0A9NT3WX,1.0986123
6,8,Q9ZBIKCO,A0AVG0FN9,1.7917595
8,6,A0AVG0FN9,Q9ZBIKCO,1.7917595
6,31,Q9ZBIKCO,O0J2QP89,1.3862944
31,6,O0J2QP89,Q9ZBIKCO,1.3862944
6,86,Q9ZBIKCO,O04GH2MR,1.3862944
86,6,O04GH2MR,Q9ZBIKCO,1.3862944
6,103,Q9ZBIKCO,P0PQKOJ8,1.3862944
103,6,P0PQKOJ8,Q9ZBIKCO,1.3862944
6,96,Q9ZBIKCO,Q9FUK9E0,1.3862944
96,6,Q9FUK9E0,Q9ZBIKCO,1.3862944
6,50,Q9ZBIKCO,O0M35IXZ,1.2809339
50,6,O0M35IXZ,Q9ZBIKCO,1.2809339
6,211,Q9ZBIKCO,P0BXK5BV,1.2809339
211,6,P0BXK5BV,Q9ZBIKCO,1.2809339
6,17,Q9ZBIKCO,A0A5KXVFK,1.2321436
17,6,A0A5KXVFK,Q9ZBIKCO,1.2321436
6,197,Q9ZBIKCO,P0QS3D62,1.1856236
197,6,P0QS3D62,Q9ZBIKCO,1.1856236
6,73,Q9ZBIKCO,Q9479T6B,1.0986123
73,6,Q9479T6B,Q9ZBIKCO,1.0986123
0,6,A0AAJI0Y8,Q9ZBIKCO,1.0986123
6,0,Q9ZBIKCO,A0AAJI0Y8,1.0986123
6,68,Q9ZBIKCO,A0AZIM6CJ,1.0986123
68,6,A0AZIM6CJ,Q9ZBIKCO,1.0986123
6,116,Q9ZBIKCO,P03KKV95,1.0986123
116,6,P03KKV95,Q9ZBIKCO,1.0986123
6,147,Q9ZBIKCO,Q9C1HH5V,1.0986123
147,6,Q9C1HH5V,Q9ZBIKCO,1.0986123
6,22,Q9ZBIKCO,O06QICA9,1.0986123
22,6,O06QICA9,Q9ZBIKCO,1.0986123
7,58,A0ANQ4FMR,A0AKH2VL2,1.4552872
58,7,A0AKH2VL2,A0ANQ4FMR,1.4552872
7,157,A0ANQ4FMR,P0PXNF7E,1.4552872
157,7,P0PXNF7E,A0ANQ4FMR,1.4552872
7,114,A0ANQ4FMR,O049ITN6,1.4552872
114,7,O049ITN6,A0ANQ4FMR,1.4552872
7,166,A0ANQ4FMR,A0AF1BCP1,1.4552872
166,7,A0AF1BCP1,A0ANQ4FMR,1.4552872
7,59,A0ANQ4FMR,O0YS280F,1.4552872
59,7,O0YS280F,A0ANQ4FMR,1.4552872
7,38,A0ANQ4FMR,Q9755NF8,1.3011365
38,7,Q9755NF8,A0ANQ4FMR,1.3011365
7,74,A0ANQ4FMR,A0AXEQBNN,1.3011365
74,7,A0AXEQBNN,A0ANQ4FMR,1.3011365
7,109,A0ANQ4FMR,O0DJE15A,1.3011365
109,7,O0DJE15A,A0ANQ4FMR,1.3011365
7,112,A0ANQ4FMR,Q9ZLAOIH,1.3011365
112,7,Q9ZLAOIH,A0ANQ4FMR,1.3011365
7,211,A0ANQ4FMR,P0BXK5BV,1.2321436
211,7,P0BXK5BV,A0ANQ4FMR,1.2321436
7,52,A0ANQ4FMR,P07E8G8Q,1.1676052
52,7,P07E8G8Q,A0ANQ4FMR,1.1676052
7,40,A0ANQ4FMR,A0A7EEDTR,1.0498221
40,7,A0A7EEDTR,A0ANQ4FMR,1.0498221
7,31,A0ANQ4FMR,O0J2QP89,1.0498221
31,7,O0J2QP89,A0ANQ4FMR,1.0498221
7,48,A0ANQ4FMR,A0AG72OYP,1.0498221
48,7,A0AG72OYP,A0ANQ4FMR,1.0498221
7,54,A0ANQ4FMR,A0ANUJZA8,1.0498221
54,7,A0ANUJZA8,A0ANQ4FMR,1.0498221
8,211,A0AVG0FN9,P0BXK5BV,1.974081
211,8,P0BXK5BV,A0AVG0FN9,1.974081
8,116,A0AVG0FN9,P03KKV95,1.7917595
116,8,P03KKV95,A0AVG0FN9,1.7917595
8,147,A0AVG0FN9,Q9C1HH5V,1.7917595
147,8,Q9C1HH5V,A0AVG0FN9,1.7917595
8,50,A0AVG0FN9,O0M35IXZ,1.5686159
50,8,O0M35IXZ,A0AVG0FN9,1.5686159
8,31,A0AVG0FN9,O0J2QP89,1.3862944
31,8,O0J2QP89,A0AVG0FN9,1.3862944
8,86,A0AVG0FN9,O04GH2MR,1.3862944
86,8,O04GH2MR,A0AVG0FN9,1.3862944
8,117,A0AVG0FN9,Q9QRL1NU,1.3862944
117,8,Q9QRL1NU,A0AVG0FN9,1.3862944
8,96,A0AVG0FN9,Q9FUK9E0,1.3862944
96,8,Q9FUK9E0,A0AVG0FN9,1.3862944
8,11,A0AVG0FN9,O05XFF08,1.2321436
11,8,O05XFF08,A0AVG0FN9,1.2321436
8,17,A0AVG0FN9,A0A5KXVFK,1.2321436
17,8,A0A5KXVFK,A0AVG0FN9,1.2321436
8,79,A0AVG0FN9,A0A2FLU7Y,1.2321436
79,8,A0A2FLU7Y,A0AVG0FN9,1.2321436
8,178,A0AVG0FN9,O011Q7UU,1.2321436
178,8,O011Q7UU,A0AVG0FN9,1.2321436
8,127,A0AVG0FN9,Q9C5WI6J,1.1856236
127,8,Q9C5WI6J,A0AVG0FN9,1.1856236
9,73,Q9Y41IBU,Q9479T6B,1.609438
73,9,Q9479T6B,Q9Y41IBU,1.609438
9,156,Q9Y41IBU,Q9P5O3OG,1.5606477
156,9,Q9P5O3OG,Q9Y41IBU,1.5606477
9,40,Q9Y41IBU,A0A7EEDTR,1.4916549
40,9,A0A7EEDTR,Q9Y41IBU,1.4916549
9,55,Q9Y41IBU,Q9NCXLLH,1.4916549
55,9,Q9NCXLLH,Q9Y41IBU,1.4916549
9,22,Q9Y41IBU,O06QICA9,1.4271164
22,9,O06QICA9,Q9Y41IBU,1.4271164
9,137,Q9Y41IBU,A0AQC1IYZ,1.3375041
137,9,A0AQC1IYZ,Q9Y41IBU,1.3375041
9,35,Q9Y41IBU,A0AWPVS7N,1.3093333
35,9,A0AWPVS7N,Q9Y41IBU,1.3093333
9,119,Q9Y41IBU,O0Z3NX3J,1.3093333
119,9,O0Z3NX3J,Q9Y41IBU,1.3093333
9,141,Q9Y41IBU,O0EBB9EP,1.2039728
141,9,O0EBB9EP,Q9Y41IBU,1.2039728
9,101,Q9Y41IBU,P02WX7P8,1.2039728
101,9,P02WX7P8,Q9Y41IBU,1.2039728
9,132,Q9Y41IBU,O0361I2O,1.1086626
132,9,O0361I2O,Q9Y41IBU,1.1086626
9,186,Q9Y41IBU,A0ALUNJ4J,1.0861897
186,9,A0ALUNJ4J,Q9Y41IBU,1.0861897
9,195,Q9Y41IBU,O0832EJ4,1.0861897
195,9,O0832EJ4,Q9Y41IBU,1.0861897
9,57,Q9Y41IBU,O0XN0GUZ,1.0704414
57,9,O0XN0GUZ,Q9Y41IBU,1.0704414
10,56,O0JH75L5,P0SYLZTM,1.7917595
56,10,P0SYLZTM,O0JH75L5,1.7917595
10,133,O0JH75L5,Q9WYZX4G,1.7917595
133,10,Q9WYZX4G,O0JH75L5,1.7917595
10,157,O0JH75L5,P0PXNF7E,1.7917595
157,10,P0PXNF7E,O0JH75L5,1.7917595
10,78,O0JH75L5,O0YUHZ1K,1.7917595
78,10,O0YUHZ1K,O0JH75L5,1.7917595
10,97,O0JH75L5,Q91N6KV1,1.6739764
97,10,Q91N6KV1,O0JH75L5,1.6739764
10,61,O0JH75L5,Q93FB9WE,1.6376088
61,10,Q93FB9WE,O0JH75L5,1.6376088
10,122,O0JH75L5,A0AQ8MYXV,1.4733057
122,10,A0AQ8MYXV,O0JH75L5,1.4733057
10,125,O0JH75L5,A0APY6B2S,1.3862944
125,10,A0APY6B2S,O0JH75L5,1.3862944
10,39,O0JH75L5,P0W9XA3T,1.3862944
39,10,P0W9XA3T,O0JH75L5,1.3862944
10,85,O0JH75L5,P05IQVNB,1.3862944
85,10,P05IQVNB,O0JH75L5,1.3862944
10,115,O0JH75L5,Q95J2O76,1.3862944
115,10,Q95J2O76,O0JH75L5,1.3862944
10,130,O0JH75L5,O04HNRIW,1.3862944
130,10,O04HNRIW,O0JH75L5,1.3862944
10,33,O0JH75L5,A0ABR7TC6,1.2809339
33,10,A0ABR7TC6,O0JH75L5,1.2809339
10,84,O0JH75L5,O0Q3VLIF,1.2809339
84,10,O0Q3VLIF,O0JH75L5,1.2809339
10,213,O0JH75L5,P09RR7SF,1.2809339
213,10,P09RR7SF,O0JH75L5,1.2809339
11,100,O05XFF08,O0KIZZQO,1.8607523
100,11,O0KIZZQO,O05XFF08,1.8607523
11,34,O05XFF08,A0A4CC5OP,1.6784308
34,11,A0A4CC5OP,O05XFF08,1.6784308
11,15,O05XFF08,A0AYTJXE1,1.6376088
15,11,A0AYTJXE1,O05XFF08,1.6376088
11,80,O05XFF08,O07HV3IT,1.5606477
80,11,O07HV3IT,O05XFF08,1.5606477
11,150,O05XFF08,P0AJEPEE,1.4552872
150,11,P0AJEPEE,O05XFF08,1.4552872
11,160,O05XFF08,A0A8VMUH4,1.4552872
160,11,A0A8VMUH4,O05XFF08,1.4552872
11,152,O05XFF08,P0Q8CROG,1.3375041
152,11,P0Q8CROG,O05XFF08,1.3375041
11,172,O05XFF08,O0UZPEAU,1.3375041
172,11,O0UZPEAU,O05XFF08,1.3375041
11,145,O05XFF08,P0CJ883F,1.3011365
145,11,P0CJ883F,O05XFF08,1.3011365
11,178,O05XFF08,O011Q7UU,1.3011365
178,11,O011Q7UU,O05XFF08,1.3011365
11,50,O05XFF08,O0M35IXZ,1.2321436
50,11,O0M35IXZ,O05XFF08,1.2321436
11,211,O05XFF08,P0BXK5BV,1.2321436
211,11,P0BXK5BV,O05XFF08,1.2321436
11,66,O05XFF08,O03T60RQ,1.2321436
66,11,O03T60RQ,O05XFF08,1.2321436
12,136,P00PVN9I,P03J3R3V,1.6376088
136,12,P03J3R3V,P00PVN9I,1.6376088
12,40,P00PVN9I,A0A7EEDTR,1.3862944
40,12,A0A7EEDTR,P00PVN9I,1.3862944
12,20,P00PVN9I,Q9ERTJ51,1.3862944
20,12,Q9ERTJ51,P00PVN9I,1.3862944
12,109,P00PVN9I,O0DJE15A,1.2321436
109,12,O0DJE15A,P00PVN9I,1.2321436
12,13,P00PVN9I,O0DBDW21,1.0986123
13,12,O0DBDW21,P00PVN9I,1.0986123
12,133,P00PVN9I,Q9WYZX4G,1.0986123
133,12,Q9WYZX4G,P00PVN9I,1.0986123
12,203,P00PVN9I,A0AD6VASP,1.0986123
203,12,A0AD6VASP,P00PVN9I,1.0986123
12,173,P00PVN9I,Q92W37DG,1.0986123
173,12,Q92W37DG,P00PVN9I,1.0986123
12,188,P00PVN9I,Q9V7LN2I,1.0986123
188,12,Q9V7LN2I,P00PVN9I,1.0986123
12,214,P00PVN9I,O0CV3TLF,1.0986123
214,12,O0CV3TLF,P00PVN9I,1.0986123
12,16,P00PVN9I,Q9Q85JSL,0.98082924
16,12,Q9Q85JSL,P00PVN9I,0.98082924
12,28,P00PVN9I,P0Q5C34G,0.98082924
28,12,P0Q5C34G,P00PVN9I,0.98082924
12,111,P00PVN9I,Q9JEK5RB,0.98082924
111,12,Q9JEK5RB,P00PVN9I,0.98082924
12,18,P00PVN9I,A0AVREN9T,0.87546873
18,12,A0AVREN9T,P00PVN9I,0.87546873
13,175,O0DBDW21,P02CWTGW,1.609438
175,13,P02CWTGW,O0DBDW21,1.609438
13,75,O0DBDW21,O0L1N13Q,1.4552872
75,13,O0L1N13Q,O0DBDW21,1.4552872
13,73,O0DBDW21,Q9479T6B,1.3217559
73,13,Q9479T6B,O0DBDW21,1.3217559
13,100,O0DBDW21,O0KIZZQO,1.3217559
100,13,O0KIZZQO,O0DBDW21,1.3217559
13,69,O0DBDW21,Q9NFHOL3,1.3217559
69,13,Q9NFHOL3,O0DBDW21,1.3217559
13,170,O0DBDW21,A0ARPETI9,1.3217559
170,13,A0ARPETI9,O0DBDW21,1.3217559
13,210,O0DBDW21,Q95LLO34,1.3217559
210,13,Q95LLO34,O0DBDW21,1.3217559
13,80,O0DBDW21,O07HV3IT,1.2039728
80,13,O07HV3IT,O0DBDW21,1.2039728
13,152,O0DBDW21,P0Q8CROG,1.2039728
152,13,P0Q8CROG,O0DBDW21,1.2039728
13,182,O0DBDW21,O06UGVSD,1.2039728
182,13,O06UGVSD,O0DBDW21,1.2039728
13,186,O0DBDW21,A0ALUNJ4J,1.2039728
186,13,A0ALUNJ4J,O0DBDW21,1.2039728
8,13,A0AVG0FN9,O0DBDW21,1.0986123
13,8,O0DBDW21,A0AVG0FN9,1.0986123
13,15,O0DBDW21,A0AYTJXE1,1.0986123
15,13,A0AYTJXE1,O0DBDW21,1.0986123
13,18,O0DBDW21,A0AVREN9T,1.0986123
18,13,A0AVREN9T,O0DBDW21,1.0986123
14,107,A0ANVQJTA,O08QOLDK,1.4552872
107,14,O08QOLDK,A0ANVQJTA,1.4552872
14,128,A0ANVQJTA,Q9QJJA2S,1.4552872
128,14,Q9QJJA2S,A0ANVQJTA,1.4552872
14,133,A0ANVQJTA,Q9WYZX4G,1.3217559
133,14,Q9WYZX4G,A0ANVQJTA,1.3217559
14,157,A0ANVQJTA,P0PXNF7E,1.3217559
157,14,P0PXNF7E,A0ANVQJTA,1.3217559
14,28,A0ANVQJTA,P0Q5C34G,1.2039728
28,14,P0Q5C34G,A0ANVQJTA,1.2039728
14,97,A0ANVQJTA,Q91N6KV1,1.2039728
97,14,Q91N6KV1,A0ANVQJTA,1.2039728
14,115,A0ANVQJTA,Q95J2O76,1.2039728
115,14,Q95J2O76,A0ANVQJTA,1.2039728
14,158,A0ANVQJTA,A0A3DD039,1.2039728
158,14,A0A3DD039,A0ANVQJTA,1.2039728
14,112,A0ANVQJTA,Q9ZLAOIH,1.1676052
112,14,Q9ZLAOIH,A0ANVQJTA,1.1676052
14,155,A0ANVQJTA,O0SP2EX9,1.1676052
155,14,O0SP2EX9,A0ANVQJTA,1.1676052
14,59,A0ANVQJTA,O0YS280F,1.0340737
59,14,O0YS280F,A0ANVQJTA,1.0340737
14,129,A0ANVQJTA,Q9C89K8Q,1.0340737
129,14,Q9C89K8Q,A0ANVQJTA,1.0340737
14,173,A0ANVQJTA,Q92W37DG,1.0340737
173,14,Q92W37DG,A0ANVQJTA,1.0340737
14,91,A0ANVQJTA,A0A08YG0R,0.91629076
91,14,A0A08YG0R,A0ANVQJTA,0.91629076
14,78,A0ANVQJTA,O0YUHZ1K,0.91629076
78,14,O0YUHZ1K,A0ANVQJTA,0.91629076
15,23,A0AYTJXE1,Q9VAZCCC,1.7917595
23,15,Q9VAZCCC,A0AYTJXE1,1.7917595
15,73,A0AYTJXE1,Q9479T6B,1.7917595
73,15,Q9479T6B,A0AYTJXE1,1.7917595
15,100,A0AYTJXE1,O0KIZZQO,1.7917595
100,15,O0KIZZQO,A0AYTJXE1,1.7917595
15,34,A0AYTJXE1,A0A4CC5OP,1.7917595
34,15,A0A4CC5OP,A0AYTJXE1,1.7917595
15,47,A0AYTJXE1,Q97IF2G0,1.7917595
47,15,Q97IF2G0,A0AYTJXE1,1.7917595
15,102,A0AYTJXE1,Q9X63CFT,1.7917595
102,15,Q9X63CFT,A0AYTJXE1,1.7917595
15,27,A0AYTJXE1,P02DGTFL,1.5040774
27,15,P02DGTFL,A0AYTJXE1,1.5040774
15,150,A0AYTJXE1,P0AJEPEE,1.5040774
150,15,P0AJEPEE,A0AYTJXE1,1.5040774
15,91,A0AYTJXE1,A0A08YG0R,1.3862944
91,15,A0A08YG0R,A0AYTJXE1,1.3862944
15,30,A0AYTJXE1,Q9OR56FA,1.3862944
30,15,Q9OR56FA,A0AYTJXE1,1.3862944
15,165,A0AYTJXE1,Q9NQFLLF,1.3862944
165,15,Q9NQFLLF,A0AYTJXE1,1.3862944
15,124,A0AYTJXE1,Q9W790PG,1.3862944
124,15,Q9W790PG,A0AYTJXE1,1.3862944
15,152,A0AYTJXE1,P0Q8CROG,1.3862944
152,15,P0Q8CROG,A0AYTJXE1,1.3862944
16,214,Q9Q85JSL,O0CV3TLF,1.7635885
214,16,O0CV3TLF,Q9Q85JSL,1.7635885
16,131,Q9Q85JSL,P09K9XJD,1.5606477
131,16,P09K9XJD,Q9Q85JSL,1.5606477
16,84,Q9Q85JSL,O0Q3VLIF,1.3862944
84,16,O0Q3VLIF,Q9Q85JSL,1.3862944
16,98,Q9Q85JSL,P0UC8D1N,1.3375041
98,16,P0UC8D1N,Q9Q85JSL,1.3375041
16,56,Q9Q85JSL,P0SYLZTM,1.2039728
56,16,P0SYLZTM,Q9Q85JSL,1.2039728
16,157,Q9Q85JSL,P0PXNF7E,1.2039728
157,16,P0PXNF7E,Q9Q85JSL,1.2039728
16,20,Q9Q85JSL,Q9ERTJ51,1.2039728
20,16,Q9ERTJ51,Q9Q85JSL,1.2039728
16,48,Q9Q85JSL,A0AG72OYP,1.2039728
48,16,A0AG72OYP,Q9Q85JSL,1.2039728
16,114,Q9Q85JSL,O049ITN6,1.2039728
114,16,O049ITN6,Q9Q85JSL,1.2039728
16,173,Q9Q85JSL,Q92W37DG,1.2039728
173,16,Q92W37DG,Q9Q85JSL,1.2039728
16,122,Q9Q85JSL,A0AQ8MYXV,1.1086626
122,16,A0AQ8MYXV,Q9Q85JSL,1.1086626
16,74,Q9Q85JSL,A0AXEQBNN,1.0498221
74,16,A0AXEQBNN,Q9Q85JSL,1.0498221
16,79,Q9Q85JSL,A0A2FLU7Y,1.0498221
79,16,A0A2FLU7Y,Q9Q85JSL,1.0498221
16,109,Q9Q85JSL,O0DJE15A,1.0498221
109,16,O0DJE15A,Q9Q85JSL,1.0498221
16,136,Q9Q85JSL,P03J3R3V,1.0498221
136,16,P03J3R3V,Q9Q85JSL,1.0498221
17,56,A0A5KXVFK,P0SYLZTM,1.4552872
56,17,P0SYLZTM,A0A5KXVFK,1.4552872
17,73,A0A5KXVFK,Q9479T6B,1.4552872
73,17,Q9479T6B,A0A5KXVFK,1.4552872
17,168,A0A5KXVFK,P0YVSLHD,1.4552872
168,17,P0YVSLHD,A0A5KXVFK,1.4552872
17,79,A0A5KXVFK,A0A2FLU7Y,1.3011365
79,17,A0A2FLU7Y,A0A5KXVFK,1.3011365
10,17,O0JH75L5,A0A5KXVFK,1.2321436
17,10,A0A5KXVFK,O0JH75L5,1.2321436
17,40,A0A5KXVFK,A0A7EEDTR,1.0498221
40,17,A0A7EEDTR,A0A5KXVFK,1.0498221
17,32,A0A5KXVFK,O0FK8UTU,1.0498221
32,17,O0FK8UTU,A0A5KXVFK,1.0498221
17,68,A0A5KXVFK,A0AZIM6CJ,1.0498221
68,17,A0AZIM6CJ,A0A5KXVFK,1.0498221
17,78,A0A5KXVFK,O0YUHZ1K,1.0498221
78,17,O0YUHZ1K,A0A5KXVFK,1.0498221
17,86,A0A5KXVFK,O04GH2MR,1.0498221
86,17,O04GH2MR,A0A5KXVFK,1.0498221
17,103,A0A5KXVFK,P0PQKOJ8,1.0498221
103,17,P0PQKOJ8,A0A5KXVFK,1.0498221
17,116,A0A5KXVFK,P03KKV95,1.0498221
116,17,P03KKV95,A0A5KXVFK,1.0498221
18,88,A0AVREN9T,O0XR2DHP,1.6376088
88,18,O0XR2DHP,A0AVREN9T,1.6376088
18,45,A0AVREN9T,Q9PBN78C,1.5040774
45,18,Q9PBN78C,A0AVREN9T,1.5040774
18,189,A0AVREN9T,A0AXPNNGN,1.5040774
189,18,A0AXPNNGN,A0AVREN9T,1.5040774
18,91,A0AVREN9T,A0A08YG0R,1.3862944
91,18,A0A08YG0R,A0AVREN9T,1.3862944
18,30,A0AVREN9T,Q9OR56FA,1.3862944
30,18,Q9OR56FA,A0AVREN9T,1.3862944
18,154,A0AVREN9T,P0WVZNVS,1.3862944
154,18,P0WVZNVS,A0AVREN9T,1.3862944
18,165,A0AVREN9T,Q9NQFLLF,1.3862944
165,18,Q9NQFLLF,A0AVREN9T,1.3862944
18,89,A0AVREN9T,P0XNTM99,1.3862944
89,18,P0XNTM99,A0AVREN9T,1.3862944
18,94,A0AVREN9T,A0A5UQPGD,1.2809339
94,18,A0A5UQPGD,A0AVREN9T,1.2809339
18,160,A0AVREN9T,A0A8VMUH4,1.2809339
160,18,A0A8VMUH4,A0AVREN9T,1.2809339
18,162,A0AVREN9T,O0493WXB,1.2321436
162,18,O0493WXB,A0AVREN9T,1.2321436
18,23,A0AVREN9T,Q9VAZCCC,1.0986123
23,18,Q9VAZCCC,A0AVREN9T,1.0986123
18,92,A0AVREN9T,P093KMK8,1.0986123
92,18,P093KMK8,A0AVREN9T,1.0986123
18,34,A0AVREN9T,A0A4CC5OP,1.0986123
34,18,A0A4CC5OP,A0AVREN9T,1.0986123
19,157,Q9C58DRE,P0PXNF7E,1.7272209
157,19,P0PXNF7E,Q9C58DRE,1.7272209
19,215,Q9C58DRE,P0XLVPYW,1.4552872
215,19,P0XLVPYW,Q9C58DRE,1.4552872
19,30,Q9C58DRE,Q9OR56FA,1.3217559
30,19,Q9OR56FA,Q9C58DRE,1.3217559
19,182,Q9C58DRE,O06UGVSD,1.2039728
182,19,O06UGVSD,Q9C58DRE,1.2039728
19,75,Q9C58DRE,O0L1N13Q,1.1676052
75,19,O0L1N13Q,Q9C58DRE,1.1676052
19,69,Q9C58DRE,Q9NFHOL3,1.0340737
69,19,Q9NFHOL3,Q9C58DRE,1.0340737
19,72,Q9C58DRE,Q9RJRNYZ,1.0340737
72,19,Q9RJRNYZ,Q9C58DRE,1.0340737
19,184,Q9C58DRE,A0AIPPSFX,1.0340737
184,19,A0AIPPSFX,Q9C58DRE,1.0340737
19,189,Q9C58DRE,A0AXPNNGN,1.0340737
189,19,A0AXPNNGN,Q9C58DRE,1.0340737
19,210,Q9C58DRE,Q95LLO34,1.0340737
210,19,Q95LLO34,Q9C58DRE,1.0340737
19,108,Q9C58DRE,P0ORXO1C,1.0033021
108,19,P0ORXO1C,Q9C58DRE,1.0033021
19,40,Q9C58DRE,A0A7EEDTR,0.91629076
40,19,A0A7EEDTR,Q9C58DRE,0.91629076
19,91,Q9C58DRE,A0A08YG0R,0.91629076
91,19,A0A08YG0R,Q9C58DRE,0.91629076
19,54,Q9C58DRE,A0ANUJZA8,0.91629076
54,19,A0ANUJZA8,Q9C58DRE,0.91629076
19,139,Q9C58DRE,O037DIA9,0.91629076
139,19,O037DIA9,Q9C58DRE,0.91629076
20,56,Q9ERTJ51,P0SYLZTM,1.609438
56,20,P0SYLZTM,Q9ERTJ51,1.609438
20,98,Q9ERTJ51,P0UC8D1N,1.4552872
98,20,P0UC8D1N,Q9ERTJ51,1.4552872
20,183,Q9ERTJ51,O0D6MZSL,1.3862944
183,20,O0D6MZSL,Q9ERTJ51,1.3862944
20,32,Q9ERTJ51,O0FK8UTU,1.2039728
32,20,O0FK8UTU,Q9ERTJ51,1.2039728
20,78,Q9ERTJ51,O0YUHZ1K,1.2039728
78,20,O0YUHZ1K,Q9ERTJ51,1.2039728
20,42,Q9ERTJ51,P064DPJA,1.0986123
42,20,P064DPJA,Q9ERTJ51,1.0986123
20,149,Q9ERTJ51,P02D5EMP,1.0986123
149,20,P02D5EMP,Q9ERTJ51,1.0986123
20,174,Q9ERTJ51,Q9POC50O,1.0986123
174,20,Q9POC50O,Q9ERTJ51,1.0986123
20,79,Q9ERTJ51,A0A2FLU7Y,1.0498221
79,20,A0A2FLU7Y,Q9ERTJ51,1.0498221
20,107,Q9ERTJ51,O08QOLDK,1.0498221
107,20,O08QOLDK,Q9ERTJ51,1.0498221
20,136,Q9ERTJ51,P03J3R3V,1.0498221
136,20,P03J3R3V,Q9ERTJ51,1.0498221
20,203,Q9ERTJ51,A0AD6VASP,0.91629076
203,20,A0AD6VASP,Q9ERTJ51,0.91629076
21,164,Q971YZOX,Q9UOFWB7,1.2809339
164,21,Q9UOFWB7,Q971YZOX,1.2809339
21,43,Q971YZOX,P01WJ0T1,1.2039728
43,21,P01WJ0T1,Q971YZOX,1.2039728
21,138,Q971YZOX,P0DOJENQ,1.2039728
138,21,P0DOJENQ,Q971YZOX,1.2039728
13,21,O0DBDW21,Q971YZOX,1.0986123
21,13,Q971YZOX,O0DBDW21,1.0986123
21,154,Q971YZOX,P0WVZNVS,1.0986123
154,21,P0WVZNVS,Q971YZOX,1.0986123
21,168,Q971YZOX,P0YVSLHD,1.0986123
168,21,P0YVSLHD,Q971YZOX,1.0986123
21,22,Q971YZOX,O06QICA9,1.0986123
22,21,O06QICA9,Q971YZOX,1.0986123
21,69,Q971YZOX,Q9NFHOL3,1.0986123
69,21,Q9NFHOL3,Q971YZOX,1.0986123
21,185,Q971YZOX,P0N1YBWV,1.0986123
185,21,P0N1YBWV,Q971YZOX,1.0986123
21,110,Q971YZOX,O0OGN1WD,1.0986123
110,21,O0OGN1WD,Q971YZOX,1.0986123
3,21,Q9ZMF8MF,Q971YZOX,0.98082924
21,3,Q971YZOX,Q9ZMF8MF,0.98082924
21,175,Q971YZOX,P02CWTGW,0.98082924
175,21,P02CWTGW,Q971YZOX,0.98082924
21,75,Q971YZOX,O0L1N13Q,0.9444616
75,21,O0L1N13Q,Q971YZOX,0.9444616
21,151,Q971YZOX,O0QNVQHC,0.9444616
151,21,O0QNVQHC,Q971YZOX,0.9444616
21,177,Q971YZOX,Q9V1XG15,0.9444616
177,21,Q9V1XG15,Q971YZOX,0.9444616
22,31,O06QICA9,O0J2QP89,1.609438
31,22,O0J2QP89,O06QICA9,1.609438
22,103,O06QICA9,P0PQKOJ8,1.3217559
103,22,P0PQKOJ8,O06QICA9,1.3217559
22,35,O06QICA9,A0AWPVS7N,1.2039728
35,22,A0AWPVS7N,O06QICA9,1.2039728
22,186,O06QICA9,A0ALUNJ4J,1.2039728
186,22,A0ALUNJ4J,O06QICA9,1.2039728
22,77,O06QICA9,A0A18HAFI,1.1676052
77,22,A0A18HAFI,O06QICA9,1.1676052
22,137,O06QICA9,A0AQC1IYZ,1.1676052
137,22,A0AQC1IYZ,O06QICA9,1.1676052
22,50,O06QICA9,O0M35IXZ,1.0986123
50,22,O0M35IXZ,O06QICA9,1.0986123
22,211,O06QICA9,P0BXK5BV,1.0986123
211,22,P0BXK5BV,O06QICA9,1.0986123
22,167,O06QICA9,O0VOHSMH,1.0986123
167,22,O0VOHSMH,O06QICA9,1.0986123
22,82,O06QICA9,P0APRPN3,1.0340737
82,22,P0APRPN3,O06QICA9,1.0340737
22,146,O06QICA9,Q9XVA2II,1.0340737
146,22,Q9XVA2II,O06QICA9,1.0340737
22,57,O06QICA9,O0XN0GUZ,1.0340737
57,22,O0XN0GUZ,O06QICA9,1.0340737
23,165,Q9VAZCCC,Q9NQFLLF,2.014903
165,23,Q9NQFLLF,Q9VAZCCC,2.014903
23,47,Q9VAZCCC,Q97IF2G0,1.7272209
47,23,Q97IF2G0,Q9VAZCCC,1.7272209
23,102,Q9VAZCCC,Q9X63CFT,1.7272209
102,23,Q9X63CFT,Q9VAZCCC,1.7272209
23,30,Q9VAZCCC,Q9OR56FA,1.609438
30,23,Q9OR56FA,Q9VAZCCC,1.609438
23,124,Q9VAZCCC,Q9W790PG,1.609438
124,23,Q9W790PG,Q9VAZCCC,1.609438
23,49,Q9VAZCCC,P0FZNBQM,1.5040774
49,23,P0FZNBQM,Q9VAZCCC,1.5040774
23,209,Q9VAZCCC,Q93C1QKC,1.5040774
209,23,Q93C1QKC,Q9VAZCCC,1.5040774
23,73,Q9VAZCCC,Q9479T6B,1.3217559
73,23,Q9479T6B,Q9VAZCCC,1.3217559
23,92,Q9VAZCCC,P093KMK8,1.3217559
92,23,P093KMK8,Q9VAZCCC,1.3217559
23,34,Q9VAZCCC,A0A4CC5OP,1.3217559
34,23,A0A4CC5OP,Q9VAZCCC,1.3217559
23,37,Q9VAZCCC,A0AQ99CHQ,1.3217559
37,23,A0AQ99CHQ,Q9VAZCCC,1.3217559
23,63,Q9VAZCCC,Q9XA11D1,1.3217559
63,23,Q9XA11D1,Q9VAZCCC,1.3217559
23,140,Q9VAZCCC,P06HC36T,1.3217559
140,23,P06HC36T,Q9VAZCCC,1.3217559
24,70,P0CIYHE4,O0C3O18B,1.6376088
70,24,O0C3O18B,P0CIYHE4,1.6376088
24,92,P0CIYHE4,P093KMK8,1.4552872
92,24,P093KMK8,P0CIYHE4,1.4552872
24,199,P0CIYHE4,P0ILDZMJ,1.4552872
199,24,P0ILDZMJ,P0CIYHE4,1.4552872
24,206,P0CIYHE4,O0BNN0ME,1.3375041
206,24,O0BNN0ME,P0CIYHE4,1.3375041
24,113,P0CIYHE4,O08XF7KR,1.2321436
113,24,O08XF7KR,P0CIYHE4,1.2321436
24,104,P0CIYHE4,O0PV60VB,1.2321436
104,24,O0PV60VB,P0CIYHE4,1.2321436
24,105,P0CIYHE4,A0AIY4VAR,1.2321436
105,24,A0AIY4VAR,P0CIYHE4,1.2321436
24,83,P0CIYHE4,Q9P08J38,1.1676052
83,24,Q9P08J38,P0CIYHE4,1.1676052
24,150,P0CIYHE4,P0AJEPEE,1.1676052
150,24,P0AJEPEE,P0CIYHE4,1.1676052
24,200,P0CIYHE4,Q9B7R314,1.1676052
200,24,Q9B7R314,P0CIYHE4,1.1676052
24,125,P0CIYHE4,A0APY6B2S,1.0498221
125,24,A0APY6B2S,P0CIYHE4,1.0498221
24,147,P0CIYHE4,Q9C1HH5V,1.0498221
147,24,Q9C1HH5V,P0CIYHE4,1.0498221
24,43,P0CIYHE4,P01WJ0T1,1.0498221
43,24,P01WJ0T1,P0CIYHE4,1.0498221
24,172,P0CIYHE4,O0UZPEAU,1.0498221
172,24,O0UZPEAU,P0CIYHE4,1.0498221
24,89,P0CIYHE4,P0XNTM99,1.0498221
89,24,P0XNTM99,P0CIYHE4,1.0498221
25,133,Q923GDP1,Q9WYZX4G,1.4087672
133,25,Q9WYZX4G,Q923GDP1,1.4087672
25,40,Q923GDP1,A0A7EEDTR,1.2909842
40,25,A0A7EEDTR,Q923GDP1,1.2909842
25,48,Q923GDP1,A0AG72OYP,1.2909842
48,25,A0AG72OYP,Q923GDP1,1.2909842
25,85,Q923GDP1,P05IQVNB,1.2909842
85,25,P05IQVNB,Q923GDP1,1.2909842
25,97,Q923GDP1,Q91N6KV1,1.2909842
97,25,Q91N6KV1,Q923GDP1,1.2909842
25,115,Q923GDP1,Q95J2O76,1.2909842
115,25,Q95J2O76,Q923GDP1,1.2909842
25,158,Q923GDP1,A0A3DD039,1.2909842
158,25,A0A3DD039,Q923GDP1,1.2909842
25,59,Q923GDP1,O0YS280F,1.2264457
59,25,O0YS280F,Q923GDP1,1.2264457
25,173,Q923GDP1,Q92W37DG,1.2264457
173,25,Q92W37DG,Q923GDP1,1.2264457
25,179,Q923GDP1,P0FCPKJD,1.2264457
179,25,P0FCPKJD,Q923GDP1,1.2264457
10,25,O0JH75L5,Q923GDP1,1.1856236
25,10,Q923GDP1,O0JH75L5,1.1856236
25,61,Q923GDP1,Q93FB9WE,1.1368335
61,25,Q93FB9WE,Q923GDP1,1.1368335
25,112,Q923GDP1,Q9ZLAOIH,1.1368335
112,25,Q9ZLAOIH,Q923GDP1,1.1368335
25,128,Q923GDP1,Q9QJJA2S,1.1368335
128,25,Q9QJJA2S,Q923GDP1,1.1368335
25,131,Q923GDP1,P09K9XJD,1.1368335
131,25,P09K9XJD,Q923GDP1,1.1368335
26,67,O0Q0Y9DZ,Q94J1RI2,1.2729657
67,26,Q94J1RI2,O0Q0Y9DZ,1.2729657
26,30,O0Q0Y9DZ,Q9OR56FA,1.0498221
30,26,Q9OR56FA,O0Q0Y9DZ,1.0498221
26,196,O0Q0Y9DZ,P0TD44KK,1.0498221
196,26,P0TD44KK,O0Q0Y9DZ,1.0498221
26,198,O0Q0Y9DZ,P07OONNF,1.0498221
198,26,P07OONNF,O0Q0Y9DZ,1.0498221
26,138,O0Q0Y9DZ,P0DOJENQ,1.0498221
138,26,P0DOJENQ,O0Q0Y9DZ,1.0498221
26,201,O0Q0Y9DZ,O0W6AHF7,1.0498221
201,26,O0W6AHF7,O0Q0Y9DZ,1.0498221
5,26,A0A9NT3WX,O0Q0Y9DZ,0.9444616
26,5,O0Q0Y9DZ,A0A9NT3WX,0.9444616
26,70,O0Q0Y9DZ,O0C3O18B,0.9444616
70,26,O0C3O18B,O0Q0Y9DZ,0.9444616
26,104,O0Q0Y9DZ,O0PV60VB,0.9444616
104,26,O0PV60VB,O0Q0Y9DZ,0.9444616
26,65,O0Q0Y9DZ,O0EQTUL2,0.8956714
65,26,O0EQTUL2,O0Q0Y9DZ,0.8956714
26,93,O0Q0Y9DZ,Q9J9TZE5,0.8956714
93,26,Q9J9TZE5,O0Q0Y9DZ,0.8956714
26,123,O0Q0Y9DZ,O08W5RTE,0.86750054
123,26,O08W5RTE,O0Q0Y9DZ,0.86750054
26,124,O0Q0Y9DZ,Q9W790PG,0.86750054
124,26,Q9W790PG,O0Q0Y9DZ,0.86750054
26,135,O0Q0Y9DZ,P00GET87,0.86750054
135,26,P00GET87,O0Q0Y9DZ,0.86750054
23,26,Q9VAZCCC,O0Q0Y9DZ,0.76214004
26,23,O0Q0Y9DZ,Q9VAZCCC,0.76214004
27,92,P02DGTFL,P093KMK8,1.7272209
92,27,P093KMK8,P02DGTFL,1.7272209
27,36,P02DGTFL,P0IOYKLE,1.5448993
36,27,P0IOYKLE,P02DGTFL,1.5448993
27,124,P02DGTFL,Q9W790PG,1.4271164
124,27,Q9W790PG,P02DGTFL,1.4271164
27,201,P02DGTFL,O0W6AHF7,1.4271164
201,27,O0W6AHF7,P02DGTFL,1.4271164
27,102,P02DGTFL,Q9X63CFT,1.3217559
102,27,Q9X63CFT,P02DGTFL,1.3217559
27,150,P02DGTFL,P0AJEPEE,1.3217559
150,27,P0AJEPEE,P02DGTFL,1.3217559
27,49,P02DGTFL,P0FZNBQM,1.3217559
49,27,P0FZNBQM,P02DGTFL,1.3217559
27,207,P02DGTFL,P0IXDU1I,1.3217559
207,27,P0IXDU1I,P02DGTFL,1.3217559
27,151,P02DGTFL,O0QNVQHC,1.1676052
151,27,O0QNVQHC,P02DGTFL,1.1676052
27,159,P02DGTFL,A0AVULEM1,1.1676052
159,27,A0AVULEM1,P02DGTFL,1.1676052
27,178,P02DGTFL,O011Q7UU,1.1676052
178,27,O011Q7UU,P02DGTFL,1.1676052
27,45,P02DGTFL,Q9PBN78C,1.0340737
45,27,Q9PBN78C,P02DGTFL,1.0340737
27,83,P02DGTFL,Q9P08J38,1.0340737
83,27,Q9P08J38,P02DGTFL,1.0340737
28,40,P0Q5C34G,A0A7EEDTR,1.4916549
40,28,A0A7EEDTR,P0Q5C34G,1.4916549
28,74,P0Q5C34G,A0AXEQBNN,1.3375041
74,28,A0AXEQBNN,P0Q5C34G,1.3375041
28,128,P0Q5C34G,Q9QJJA2S,1.3375041
128,28,Q9QJJA2S,P0Q5C34G,1.3375041
28,58,P0Q5C34G,A0AKH2VL2,1.2039728
58,28,A0AKH2VL2,P0Q5C34G,1.2039728
28,203,P0Q5C34G,A0AD6VASP,1.2039728
203,28,A0AD6VASP,P0Q5C34G,1.2039728
28,115,P0Q5C34G,Q95J2O76,1.0861897
115,28,Q95J2O76,P0Q5C34G,1.0861897
28,158,P0Q5C34G,A0A3DD039,1.0861897
158,28,A0A3DD039,P0Q5C34G,1.0861897
28,109,P0Q5C34G,O0DJE15A,1.0498221
109,28,O0DJE15A,P0Q5C34G,1.0498221
28,136,P0Q5C34G,P03J3R3V,1.0498221
136,28,P03J3R3V,P0Q5C34G,1.0498221
28,183,P0Q5C34G,O0D6MZSL,0.98082924
183,28,O0D6MZSL,P0Q5C34G,0.98082924
28,42,P0Q5C34G,P064DPJA,0.98082924
42,28,P064DPJA,P0Q5C34G,0.98082924
28,59,P0Q5C34G,O0YS280F,0.91629076
59,28,O0YS280F,P0Q5C34G,0.91629076
29,166,A0AXTAD1P,A0AF1BCP1,1.4271164
166,29,A0AF1BCP1,A0AXTAD1P,1.4271164
29,90,A0AXTAD1P,P0MQLIZU,1.2039728
90,29,P0MQLIZU,A0AXTAD1P,1.2039728
29,204,A0AXTAD1P,Q9KAMUGF,1.0498221
204,29,Q9KAMUGF,A0AXTAD1P,1.0498221
29,182,A0AXTAD1P,O06UGVSD,1.0216513
182,29,O06UGVSD,A0AXTAD1P,1.0216513
29,54,A0AXTAD1P,A0ANUJZA8,0.91629076
54,29,A0ANUJZA8,A0AXTAD1P,0.91629076
29,67,A0AXTAD1P,Q94J1RI2,0.91629076
67,29,Q94J1RI2,A0AXTAD1P,0.91629076
29,139,A0AXTAD1P,O037DIA9,0.91629076
139,29,O037DIA9,A0AXTAD1P,0.91629076
29,168,A0AXTAD1P,P0YVSLHD,0.91629076
168,29,P0YVSLHD,A0AXTAD1P,0.91629076
29,196,A0AXTAD1P,P0TD44KK,0.91629076
196,29,P0TD44KK,A0AXTAD1P,0.91629076
29,69,A0AXTAD1P,Q9NFHOL3,0.91629076
69,29,Q9NFHOL3,A0AXTAD1P,0.91629076
29,153,A0AXTAD1P,O0ZP6LFI,0.91629076
153,29,O0ZP6LFI,A0AXTAD1P,0.91629076
29,184,A0AXTAD1P,A0AIPPSFX,0.91629076
184,29,A0AIPPSFX,A0AXTAD1P,0.91629076
29,185,A0AXTAD1P,P0N1YBWV,0.91629076
185,29,P0N1YBWV,A0AXTAD1P,0.91629076
29,87,A0AXTAD1P,A0ASGIOTP,0.91629076
87,29,A0ASGIOTP,A0AXTAD1P,0.91629076
29,143,A0AXTAD1P,O0X4W7KX,0.91629076
143,29,O0X4W7KX,A0AXTAD1P,0.91629076
30,154,Q9OR56FA,P0WVZNVS,1.609438
154,30,P0WVZNVS,Q9OR56FA,1.609438
30,165,Q9OR56FA,Q9NQFLLF,1.609438
165,30,Q9NQFLLF,Q9OR56FA,1.609438
30,198,Q9OR56FA,P07OONNF,1.609438
198,30,P07OONNF,Q9OR56FA,1.609438
30,53,Q9OR56FA,A0ADP0LV6,1.609438
53,30,A0ADP0LV6,Q9OR56FA,1.609438
30,138,Q9OR56FA,P0DOJENQ,1.4916549
138,30,P0DOJENQ,Q9OR56FA,1.4916549
30,88,Q9OR56FA,O0XR2DHP,1.4552872
88,30,O0XR2DHP,Q9OR56FA,1.4552872
30,215,Q9OR56FA,P0XLVPYW,1.4552872
215,30,P0XLVPYW,Q9OR56FA,1.4552872
30,34,Q9OR56FA,A0A4CC5OP,1.3217559
34,30,A0A4CC5OP,Q9OR56FA,1.3217559
30,102,Q9OR56FA,Q9X63CFT,1.3217559
102,30,Q9X63CFT,Q9OR56FA,1.3217559
30,189,Q9OR56FA,A0AXPNNGN,1.3217559
189,30,A0AXPNNGN,Q9OR56FA,1.3217559
30,81,Q9OR56FA,A0A2UBTXE,1.2909842
81,30,A0A2UBTXE,Q9OR56FA,1.2909842
31,86,O0J2QP89,O04GH2MR,1.89712
86,31,O04GH2MR,O0J2QP89,1.89712
31,145,O0J2QP89,P0CJ883F,1.4552872
145,31,P0CJ883F,O0J2QP89,1.4552872
31,50,O0J2QP89,O0M35IXZ,1.3862944
50,31,O0M35IXZ,O0J2QP89,1.3862944
31,211,O0J2QP89,P0BXK5BV,1.3862944
211,31,P0BXK5BV,O0J2QP89,1.3862944
31,101,O0J2QP89,P02WX7P8,1.3862944
101,31,P02WX7P8,O0J2QP89,1.3862944
31,197,O0J2QP89,P0QS3D62,1.2909842
197,31,P0QS3D62,O0J2QP89,1.2909842
31,55,O0J2QP89,Q9NCXLLH,1.2039728
55,31,Q9NCXLLH,O0J2QP89,1.2039728
31,68,O0J2QP89,A0AZIM6CJ,1.2039728
68,31,A0AZIM6CJ,O0J2QP89,1.2039728
31,103,O0J2QP89,P0PQKOJ8,1.2039728
103,31,P0PQKOJ8,O0J2QP89,1.2039728
31,141,O0J2QP89,O0EBB9EP,1.2039728
141,31,O0EBB9EP,O0J2QP89,1.2039728
31,35,O0J2QP89,A0AWPVS7N,1.2039728
35,31,A0AWPVS7N,O0J2QP89,1.2039728
31,186,O0J2QP89,A0ALUNJ4J,1.2039728
186,31,A0ALUNJ4J,O0J2QP89,1.2039728
32,92,O0FK8UTU,P093KMK8,1.609438
92,32,P093KMK8,O0FK8UTU,1.609438
32,59,O0FK8UTU,O0YS280F,1.609438
59,32,O0YS280F,O0FK8UTU,1.609438
32,149,O0FK8UTU,P02D5EMP,1.3862944
149,32,P02D5EMP,O0FK8UTU,1.3862944
32,53,O0FK8UTU,A0ADP0LV6,1.3217559
53,32,A0ADP0LV6,O0FK8UTU,1.3217559
32,118,O0FK8UTU,Q99IN4OU,1.2909842
118,32,Q99IN4OU,O0FK8UTU,1.2909842
32,40,O0FK8UTU,A0A7EEDTR,1.2039728
40,32,A0A7EEDTR,O0FK8UTU,1.2039728
32,114,O0FK8UTU,O049ITN6,1.2039728
114,32,O049ITN6,O0FK8UTU,1.2039728
32,121,O0FK8UTU,A0ASQ0OXJ,1.0986123
121,32,A0ASQ0OXJ,O0FK8UTU,1.0986123
32,163,O0FK8UTU,P0BJ17ML,1.0986123
163,32,P0BJ17ML,O0FK8UTU,1.0986123
32,74,O0FK8UTU,A0AXEQBNN,1.0498221
74,32,A0AXEQBNN,O0FK8UTU,1.0498221
32,79,O0FK8UTU,A0A2FLU7Y,1.0498221
79,32,A0A2FLU7Y,O0FK8UTU,1.0498221
32,98,O0FK8UTU,P0UC8D1N,1.0498221
98,32,P0UC8D1N,O0FK8UTU,1.0498221
32,112,O0FK8UTU,Q9ZLAOIH,1.0498221
112,32,Q9ZLAOIH,O0FK8UTU,1.0498221
33,78,A0ABR7TC6,O0YUHZ1K,1.609438
78,33,O0YUHZ1K,A0ABR7TC6,1.609438
33,56,A0ABR7TC6,P0SYLZTM,1.5040774
56,33,P0SYLZTM,A0ABR7TC6,1.5040774
33,157,A0ABR7TC6,P0PXNF7E,1.5040774
157,33,P0PXNF7E,A0ABR7TC6,1.5040774
33,183,A0ABR7TC6,O0D6MZSL,1.2809339
183,33,O0D6MZSL,A0ABR7TC6,1.2809339
33,109,A0ABR7TC6,O0DJE15A,1.2321436
109,33,O0DJE15A,A0ABR7TC6,1.2321436
33,112,A0ABR7TC6,Q9ZLAOIH,1.2321436
112,33,Q9ZLAOIH,A0ABR7TC6,1.2321436
33,155,A0ABR7TC6,O0SP2EX9,1.2321436
155,33,O0SP2EX9,A0ABR7TC6,1.2321436
33,130,A0ABR7TC6,O04HNRIW,1.2039728
130,33,O04HNRIW,A0ABR7TC6,1.2039728
33,58,A0ABR7TC6,A0AKH2VL2,1.0986123
58,33,A0AKH2VL2,A0ABR7TC6,1.0986123
33,203,A0ABR7TC6,A0AD6VASP,1.0986123
203,33,A0AD6VASP,A0ABR7TC6,1.0986123
33,129,A0ABR7TC6,Q9C89K8Q,1.0986123
129,33,Q9C89K8Q,A0ABR7TC6,1.0986123
33,42,A0ABR7TC6,P064DPJA,1.0986123
42,33,P064DPJA,A0ABR7TC6,1.0986123
33,43,A0ABR7TC6,P01WJ0T1,0.98082924
43,33,P01WJ0T1,A0ABR7TC6,0.98082924
33,85,A0ABR7TC6,P05IQVNB,0.98082924
85,33,P05IQVNB,A0ABR7TC6,0.98082924
34,152,A0A4CC5OP,P0Q8CROG,1.4271164
152,34,P0Q8CROG,A0A4CC5OP,1.4271164
34,100,A0A4CC5OP,O0KIZZQO,1.3217559
100,34,O0KIZZQO,A0A4CC5OP,1.3217559
34,47,A0A4CC5OP,Q97IF2G0,1.3217559
47,34,Q97IF2G0,A0A4CC5OP,1.3217559
34,63,A0A4CC5OP,Q9XA11D1,1.3217559
63,34,Q9XA11D1,A0A4CC5OP,1.3217559
34,102,A0A4CC5OP,Q9X63CFT,1.3217559
102,34,Q9X63CFT,A0A4CC5OP,1.3217559
34,150,A0A4CC5OP,P0AJEPEE,1.3217559
150,34,P0AJEPEE,A0A4CC5OP,1.3217559
34,160,A0A4CC5OP,A0A8VMUH4,1.3217559
160,34,A0A8VMUH4,A0A4CC5OP,1.3217559
34,80,A0A4CC5OP,O07HV3IT,1.2039728
80,34,O07HV3IT,A0A4CC5OP,1.2039728
34,172,A0A4CC5OP,O0UZPEAU,1.2039728
172,34,O0UZPEAU,A0A4CC5OP,1.2039728
34,175,A0A4CC5OP,P02CWTGW,1.2039728
175,34,P02CWTGW,A0A4CC5OP,1.2039728
34,88,A0A4CC5OP,O0XR2DHP,1.1676052
88,34,O0XR2DHP,A0A4CC5OP,1.1676052
35,40,A0AWPVS7N,A0A7EEDTR,1.4916549
40,35,A0A7EEDTR,A0AWPVS7N,1.4916549
35,82,A0AWPVS7N,P0APRPN3,1.4271164
82,35,P0APRPN3,A0AWPVS7N,1.4271164
35,137,A0AWPVS7N,A0AQC1IYZ,1.3375041
137,35,A0AQC1IYZ,A0AWPVS7N,1.3375041
35,119,A0AWPVS7N,O0Z3NX3J,1.3093333
119,35,O0Z3NX3J,A0AWPVS7N,1.3093333
35,73,A0AWPVS7N,Q9479T6B,1.2039728
73,35,Q9479T6B,A0AWPVS7N,1.2039728
35,133,A0AWPVS7N,Q9WYZX4G,1.2039728
133,35,Q9WYZX4G,A0AWPVS7N,1.2039728
35,68,A0AWPVS7N,A0AZIM6CJ,1.2039728
68,35,A0AZIM6CJ,A0AWPVS7N,1.2039728
35,99,A0AWPVS7N,P0XFGCA2,1.2039728
99,35,P0XFGCA2,A0AWPVS7N,1.2039728
35,169,A0AWPVS7N,A0AH811KH,1.2039728
169,35,A0AH811KH,A0AWPVS7N,1.2039728
35,197,A0AWPVS7N,P0QS3D62,1.1086626
197,35,P0QS3D62,A0AWPVS7N,1.1086626
35,71,A0AWPVS7N,O0R7KO60,1.0861897
71,35,O0R7KO60,A0AWPVS7N,1.0861897
36,178,P0IOYKLE,O011Q7UU,1.4552872
178,36,O011Q7UU,P0IOYKLE,1.4552872
36,67,P0IOYKLE,Q94J1RI2,1.3217559
67,36,Q94J1RI2,P0IOYKLE,1.3217559
36,63,P0IOYKLE,Q9XA11D1,1.3217559
63,36,Q9XA11D1,P0IOYKLE,1.3217559
36,124,P0IOYKLE,Q9W790PG,1.2039728
124,36,Q9W790PG,P0IOYKLE,1.2039728
36,201,P0IOYKLE,O0W6AHF7,1.2039728
201,36,O0W6AHF7,P0IOYKLE,1.2039728
11,36,O05XFF08,P0IOYKLE,1.1676052
36,11,P0IOYKLE,O05XFF08,1.1676052
36,88,P0IOYKLE,O0XR2DHP,1.1676052
88,36,O0XR2DHP,P0IOYKLE,1.1676052
36,151,P0IOYKLE,O0QNVQHC,1.1676052
151,36,O0QNVQHC,P0IOYKLE,1.1676052
36,159,P0IOYKLE,A0AVULEM1,1.1676052
159,36,A0AVULEM1,P0IOYKLE,1.1676052
36,215,P0IOYKLE,P0XLVPYW,1.1676052
215,36,P0XLVPYW,P0IOYKLE,1.1676052
15,36,A0AYTJXE1,P0IOYKLE,1.0986123
36,15,P0IOYKLE,A0AYTJXE1,1.0986123
36,70,P0IOYKLE,O0C3O18B,1.0986123
70,36,O0C3O18B,P0IOYKLE,1.0986123
34,36,A0A4CC5OP,P0IOYKLE,1.0340737
36,34,P0IOYKLE,A0A4CC5OP,1.0340737
37,170,A0AQ99CHQ,A0ARPETI9,1.3217559
170,37,A0ARPETI9,A0AQ99CHQ,1.3217559
37,41,A0AQ99CHQ,P0VZHWJ5,1.1676052
41,37,P0VZHWJ5,A0AQ99CHQ,1.1676052
37,180,A0AQ99CHQ,P0SLQC3E,1.1394343
180,37,P0SLQC3E,A0AQ99CHQ,1.1394343
37,50,A0AQ99CHQ,O0M35IXZ,1.0986123
50,37,O0M35IXZ,A0AQ99CHQ,1.0986123
37,70,A0AQ99CHQ,O0C3O18B,1.0986123
70,37,O0C3O18B,A0AQ99CHQ,1.0986123
37,211,A0AQ99CHQ,P0BXK5BV,1.0986123
211,37,P0BXK5BV,A0AQ99CHQ,1.0986123
37,49,A0AQ99CHQ,P0FZNBQM,1.0986123
49,37,P0FZNBQM,A0AQ99CHQ,1.0986123
37,104,A0AQ99CHQ,O0PV60VB,1.0986123
104,37,O0PV60VB,A0AQ99CHQ,1.0986123
37,209,A0AQ99CHQ,Q93C1QKC,1.0986123
209,37,Q93C1QKC,A0AQ99CHQ,1.0986123
37,47,A0AQ99CHQ,Q97IF2G0,1.0340737
47,37,Q97IF2G0,A0AQ99CHQ,1.0340737
37,63,A0AQ99CHQ,Q9XA11D1,1.0340737
63,37,Q9XA11D1,A0AQ99CHQ,1.0340737
37,99,A0AQ99CHQ,P0XFGCA2,1.0340737
99,37,P0XFGCA2,A0AQ99CHQ,1.0340737
37,199,A0AQ99CHQ,P0ILDZMJ,1.0340737
199,37,P0ILDZMJ,A0AQ99CHQ,1.0340737
37,127,A0AQ99CHQ,Q9C5WI6J,1.0033021
127,37,Q9C5WI6J,A0AQ99CHQ,1.0033021
38,52,Q9755NF8,P07E8G8Q,1.6784308
52,38,P07E8G8Q,Q9755NF8,1.6784308
38,157,Q9755NF8,P0PXNF7E,1.4552872
157,38,P0PXNF7E,Q9755NF8,1.4552872
38,54,Q9755NF8,A0ANUJZA8,1.4552872
54,38,A0ANUJZA8,Q9755NF8,1.4552872
38,138,Q9755NF8,P0DOJENQ,1.3375041
138,38,P0DOJENQ,Q9755NF8,1.3375041
38,93,Q9755NF8,Q9J9TZE5,1.3011365
93,38,Q9J9TZE5,Q9755NF8,1.3011365
38,163,Q9755NF8,P0BJ17ML,1.2321436
163,38,P0BJ17ML,Q9755NF8,1.2321436
38,140,Q9755NF8,P06HC36T,1.1676052
140,38,P06HC36T,Q9755NF8,1.1676052
38,184,Q9755NF8,A0AIPPSFX,1.1676052
184,38,A0AIPPSFX,Q9755NF8,1.1676052
38,185,Q9755NF8,P0N1YBWV,1.1676052
185,38,P0N1YBWV,Q9755NF8,1.1676052
38,95,Q9755NF8,P07R3OCD,1.1368335
95,38,P07R3OCD,Q9755NF8,1.1368335
38,76,Q9755NF8,A0AQ0B8IE,1.0498221
76,38,A0AQ0B8IE,Q9755NF8,1.0498221
38,139,Q9755NF8,O037DIA9,1.0498221
139,38,O037DIA9,Q9755NF8,1.0498221
38,166,Q9755NF8,A0AF1BCP1,1.0498221
166,38,A0AF1BCP1,Q9755NF8,1.0498221
38,198,Q9755NF8,P07OONNF,1.0498221
198,38,P07OONNF,Q9755NF8,1.0498221
39,56,P0W9XA3T,P0SYLZTM,1.2039728
56,39,P0SYLZTM,P0W9XA3T,1.2039728
39,58,P0W9XA3T,A0AKH2VL2,1.2039728
58,39,A0AKH2VL2,P0W9XA3T,1.2039728
39,78,P0W9XA3T,O0YUHZ1K,1.2039728
78,39,O0YUHZ1K,P0W9XA3T,1.2039728
17,39,A0A5KXVFK,P0W9XA3T,1.0498221
39,17,P0W9XA3T,A0A5KXVFK,1.0498221
39,109,P0W9XA3T,O0DJE15A,1.0498221
109,39,O0DJE15A,P0W9XA3T,1.0498221
39,136,P0W9XA3T,P03J3R3V,1.0498221
136,39,P03J3R3V,P0W9XA3T,1.0498221
39,87,P0W9XA3T,A0ASGIOTP,0.98082924
87,39,A0ASGIOTP,P0W9XA3T,0.98082924
39,164,P0W9XA3T,Q9UOFWB7,0.98082924
164,39,Q9UOFWB7,P0W9XA3T,0.98082924
39,205,P0W9XA3T,P0CSS9TY,0.98082924
205,39,P0CSS9TY,P0W9XA3T,0.98082924
39,52,P0W9XA3T,P07E8G8Q,0.91629076
52,39,P07E8G8Q,P0W9XA3T,0.91629076
39,69,P0W9XA3T,Q9NFHOL3,0.91629076
69,39,Q9NFHOL3,P0W9XA3T,0.91629076
39,72,P0W9XA3T,Q9RJRNYZ,0.91629076
72,39,Q9RJRNYZ,P0W9XA3T,0.91629076
39,153,P0W9XA3T,O0ZP6LFI,0.91629076
153,39,O0ZP6LFI,P0W9XA3T,0.91629076
39,40,P0W9XA3T,A0A7EEDTR,0.7985077
40,39,A0A7EEDTR,P0W9XA3T,0.7985077
40,137,A0A7EEDTR,A0AQC1IYZ,1.7429693
137,40,A0AQC1IYZ,A0A7EEDTR,1.7429693
40,73,A0A7EEDTR,Q9479T6B,1.609438
73,40,Q9479T6B,A0A7EEDTR,1.609438
40,203,A0A7EEDTR,A0AD6VASP,1.609438
203,40,A0AD6VASP,A0A7EEDTR,1.609438
40,71,A0A7EEDTR,O0R7KO60,1.4916549
71,40,O0R7KO60,A0A7EEDTR,1.4916549
40,115,A0A7EEDTR,Q95J2O76,1.4916549
115,40,Q95J2O76,A0A7EEDTR,1.4916549
40,158,A0A7EEDTR,A0A3DD039,1.4916549
158,40,A0A3DD039,A0A7EEDTR,1.4916549
40,211,A0A7EEDTR,P0BXK5BV,1.3862944
211,40,P0BXK5BV,A0A7EEDTR,1.3862944
40,68,A0A7EEDTR,A0AZIM6CJ,1.2039728
68,40,A0AZIM6CJ,A0A7EEDTR,1.2039728
41,50,P0VZHWJ5,O0M35IXZ,1.6376088
50,41,O0M35IXZ,P0VZHWJ5,1.6376088
41,145,P0VZHWJ5,P0CJ883F,1.5888187
145,41,P0CJ883F,P0VZHWJ5,1.5888187
41,100,P0VZHWJ5,O0KIZZQO,1.4552872
100,41,O0KIZZQO,P0VZHWJ5,1.4552872
41,140,P0VZHWJ5,P06HC36T,1.4552872
140,41,P06HC36T,P0VZHWJ5,1.4552872
41,172,P0VZHWJ5,O0UZPEAU,1.3375041
172,41,O0UZPEAU,P0VZHWJ5,1.3375041
41,206,P0VZHWJ5,O0BNN0ME,1.3375041
206,41,O0BNN0ME,P0VZHWJ5,1.3375041
41,66,P0VZHWJ5,O03T60RQ,1.2321436
66,41,O03T60RQ,P0VZHWJ5,1.2321436
41,45,P0VZHWJ5,Q9PBN78C,1.1676052
45,41,Q9PBN78C,P0VZHWJ5,1.1676052
41,99,P0VZHWJ5,P0XFGCA2,1.1676052
99,41,P0XFGCA2,P0VZHWJ5,1.1676052
41,127,P0VZHWJ5,Q9C5WI6J,1.1368335
127,41,Q9C5WI6J,P0VZHWJ5,1.1368335
41,91,P0VZHWJ5,A0A08YG0R,1.0498221
91,41,A0A08YG0R,P0VZHWJ5,1.0498221
31,41,O0J2QP89,P0VZHWJ5,1.0498221
41,31,P0VZHWJ5,O0J2QP89,1.0498221
41,141,P0VZHWJ5,O0EBB9EP,1.0498221
141,41,O0EBB9EP,P0VZHWJ5,1.0498221
41,147,P0VZHWJ5,Q9C1HH5V,1.0498221
147,41,Q9C1HH5V,P0VZHWJ5,1.0498221
42,161,P064DPJA,Q94MUEKO,1.3862944
161,42,Q94MUEKO,P064DPJA,1.3862944
42,130,P064DPJA,O04HNRIW,1.3862944
130,42,O04HNRIW,P064DPJA,1.3862944
42,129,P064DPJA,Q9C89K8Q,1.3217559
129,42,Q9C89K8Q,P064DPJA,1.3217559
42,183,P064DPJA,O0D6MZSL,1.2809339
183,42,O0D6MZSL,P064DPJA,1.2809339
42,112,P064DPJA,Q9ZLAOIH,1.2321436
112,42,Q9ZLAOIH,P064DPJA,1.2321436
42,191,P064DPJA,A0AX5WVFL,1.2321436
191,42,A0AX5WVFL,P064DPJA,1.2321436
42,97,P064DPJA,Q91N6KV1,1.2039728
97,42,Q91N6KV1,P064DPJA,1.2039728
42,115,P064DPJA,Q95J2O76,1.2039728
115,42,Q95J2O76,P064DPJA,1.2039728
42,58,P064DPJA,A0AKH2VL2,1.0986123
58,42,A0AKH2VL2,P064DPJA,1.0986123
42,133,P064DPJA,Q9WYZX4G,1.0986123
133,42,Q9WYZX4G,P064DPJA,1.0986123
42,203,P064DPJA,A0AD6VASP,1.0986123
203,42,A0AD6VASP,P064DPJA,1.0986123
42,78,P064DPJA,O0YUHZ1K,1.0986123
78,42,O0YUHZ1K,P064DPJA,1.0986123
42,179,P064DPJA,P0FCPKJD,1.0986123
179,42,P0FCPKJD,P064DPJA,1.0986123
42,190,P064DPJA,P08RIECG,1.0986123
190,42,P08RIECG,P064DPJA,1.0986123
43,92,P01WJ0T1,P093KMK8,1.2039728
92,43,P093KMK8,P01WJ0T1,1.2039728
30,43,Q9OR56FA,P01WJ0T1,1.2039728
43,30,P01WJ0T1,Q9OR56FA,1.2039728
43,54,P01WJ0T1,A0ANUJZA8,1.2039728
54,43,A0ANUJZA8,P01WJ0T1,1.2039728
43,154,P01WJ0T1,P0WVZNVS,1.2039728
154,43,P0WVZNVS,P01WJ0T1,1.2039728
43,196,P01WJ0T1,P0TD44KK,1.2039728
196,43,P0TD44KK,P01WJ0T1,1.2039728
43,198,P01WJ0T1,P07OONNF,1.2039728
198,43,P07OONNF,P01WJ0T1,1.2039728
43,53,P01WJ0T1,A0ADP0LV6,1.2039728
53,43,A0ADP0LV6,P01WJ0T1,1.2039728
43,69,P01WJ0T1,Q9NFHOL3,1.2039728
69,43,Q9NFHOL3,P01WJ0T1,1.2039728
43,200,P01WJ0T1,Q9B7R314,1.2039728
200,43,Q9B7R314,P01WJ0T1,1.2039728
43,87,P01WJ0T1,A0ASGIOTP,1.2039728
87,43,A0ASGIOTP,P01WJ0T1,1.2039728
43,164,P01WJ0T1,Q9UOFWB7,1.2039728
164,43,Q9UOFWB7,P01WJ0T1,1.2039728
43,120,P01WJ0T1,O08E8LD2,1.2039728
120,43,O08E8LD2,P01WJ0T1,1.2039728
43,123,P01WJ0T1,O08W5RTE,1.0861897
123,43,O08W5RTE,P01WJ0T1,1.0861897
43,138,P01WJ0T1,P0DOJENQ,1.0861897
138,43,P0DOJENQ,P01WJ0T1,1.0861897
44,103,A0AE8YFBX,P0PQKOJ8,1.2909842
103,44,P0PQKOJ8,A0AE8YFBX,1.2909842
44,177,A0AE8YFBX,Q9V1XG15,1.1368335
177,44,Q9V1XG15,A0AE8YFBX,1.1368335
44,73,A0AE8YFBX,Q9479T6B,1.0033021
73,44,Q9479T6B,A0AE8YFBX,1.0033021
31,44,O0J2QP89,A0AE8YFBX,1.0033021
44,31,A0AE8YFBX,O0J2QP89,1.0033021
44,86,A0AE8YFBX,O04GH2MR,1.0033021
86,44,O04GH2MR,A0AE8YFBX,1.0033021
44,139,A0AE8YFBX,O037DIA9,1.0033021
139,44,O037DIA9,A0AE8YFBX,1.0033021
44,141,A0AE8YFBX,O0EBB9EP,1.0033021
141,44,O0EBB9EP,A0AE8YFBX,1.0033021
44,147,A0AE8YFBX,Q9C1HH5V,1.0033021
147,44,Q9C1HH5V,A0AE8YFBX,1.0033021
22,44,O06QICA9,A0AE8YFBX,1.0033021
44,22,A0AE8YFBX,O06QICA9,1.0033021
44,181,A0AE8YFBX,A0AWSQT2C,1.0033021
181,44,A0AWSQT2C,A0AE8YFBX,1.0033021
44,118,A0AE8YFBX,Q99IN4OU,0.90799195
118,44,Q99IN4OU,A0AE8YFBX,0.90799195
44,132,A0AE8YFBX,O0361I2O,0.90799195
132,44,O0361I2O,A0AE8YFBX,0.90799195
44,197,A0AE8YFBX,P0QS3D62,0.90799195
197,44,P0QS3D62,A0AE8YFBX,0.90799195
9,44,Q9Y41IBU,A0AE8YFBX,0.8855191
44,9,A0AE8YFBX,Q9Y41IBU,0.8855191
35,44,A0AWPVS7N,A0AE8YFBX,0.8855191
44,35,A0AE8YFBX,A0AWPVS7N,0.8855191
45,91,Q9PBN78C,A0A08YG0R,1.609438
91,45,A0A08YG0R,Q9PBN78C,1.609438
45,89,Q9PBN78C,P0XNTM99,1.4759065
89,45,P0XNTM99,Q9PBN78C,1.4759065
45,145,Q9PBN78C,P0CJ883F,1.4552872
145,45,P0CJ883F,Q9PBN78C,1.4552872
45,172,Q9PBN78C,O0UZPEAU,1.4271164
172,45,O0UZPEAU,Q9PBN78C,1.4271164
45,60,Q9PBN78C,P0SWM31T,1.3958638
60,45,P0SWM31T,Q9PBN78C,1.3958638
45,165,Q9PBN78C,Q9NQFLLF,1.3217559
165,45,Q9NQFLLF,Q9PBN78C,1.3217559
45,194,Q9PBN78C,P0YUP126,1.3217559
194,45,P0YUP126,Q9PBN78C,1.3217559
45,152,Q9PBN78C,P0Q8CROG,1.2039728
152,45,P0Q8CROG,Q9PBN78C,1.2039728
11,45,O05XFF08,Q9PBN78C,1.1676052
45,11,Q9PBN78C,O05XFF08,1.1676052
45,88,Q9PBN78C,O0XR2DHP,1.1676052
88,45,O0XR2DHP,Q9PBN78C,1.1676052
45,131,Q9PBN78C,P09K9XJD,1.1676052
131,45,P09K9XJD,Q9PBN78C,1.1676052
45,178,Q9PBN78C,O011Q7UU,1.1676052
178,45,O011Q7UU,Q9PBN78C,1.1676052
45,207,Q9PBN78C,P0IXDU1I,1.1394343
207,45,P0IXDU1I,Q9PBN78C,1.1394343
46,65,P0HID250,O0EQTUL2,1.2729657
65,46,O0EQTUL2,P0HID250,1.2729657
46,76,P0HID250,A0AQ0B8IE,1.2039728
76,46,A0AQ0B8IE,P0HID250,1.2039728
46,90,P0HID250,P0MQLIZU,1.2039728
90,46,P0MQLIZU,P0HID250,1.2039728
46,164,P0HID250,Q9UOFWB7,1.0986123
164,46,Q9UOFWB7,P0HID250,1.0986123
46,75,P0HID250,O0L1N13Q,1.0498221
75,46,O0L1N13Q,P0HID250,1.0498221
46,151,P0HID250,O0QNVQHC,1.0498221
151,46,O0QNVQHC,P0HID250,1.0498221
46,215,P0HID250,P0XLVPYW,1.0498221
215,46,P0XLVPYW,P0HID250,1.0498221
43,46,P01WJ0T1,P0HID250,1.0216513
46,43,P0HID250,P01WJ0T1,1.0216513
46,123,P0HID250,O08W5RTE,1.0216513
123,46,O08W5RTE,P0HID250,1.0216513
46,135,P0HID250,P00GET87,1.0216513
135,46,P00GET87,P0HID250,1.0216513
46,138,P0HID250,P0DOJENQ,1.0216513
138,46,P0DOJENQ,P0HID250,1.0216513
46,100,P0HID250,O0KIZZQO,0.91629076
100,46,O0KIZZQO,P0HID250,0.91629076
46,157,P0HID250,P0PXNF7E,0.91629076
157,46,P0PXNF7E,P0HID250,0.91629076
30,46,Q9OR56FA,P0HID250,0.91629076
46,30,P0HID250,Q9OR56FA,0.91629076
46,54,P0HID250,A0ANUJZA8,0.91629076
54,46,A0ANUJZA8,P0HID250,0.91629076
47,211,Q97IF2G0,P0BXK5BV,1.5040774
211,47,P0BXK5BV,Q97IF2G0,1.5040774
47,73,Q97IF2G0,Q9479T6B,1.3217559
73,47,Q9479T6B,Q97IF2G0,1.3217559
47,92,Q97IF2G0,P093KMK8,1.3217559
92,47,P093KMK8,Q97IF2G0,1.3217559
47,100,Q97IF2G0,O0KIZZQO,1.3217559
100,47,O0KIZZQO,Q97IF2G0,1.3217559
47,83,Q97IF2G0,Q9P08J38,1.3217559
83,47,Q9P08J38,Q97IF2G0,1.3217559
47,170,Q97IF2G0,A0ARPETI9,1.3217559
170,47,A0ARPETI9,Q97IF2G0,1.3217559
47,124,Q97IF2G0,Q9W790PG,1.2039728
124,47,Q9W790PG,Q97IF2G0,1.2039728
47,186,Q97IF2G0,A0ALUNJ4J,1.2039728
186,47,A0ALUNJ4J,Q97IF2G0,1.2039728
11,47,O05XFF08,Q97IF2G0,1.1676052
47,11,Q97IF2G0,O05XFF08,1.1676052
47,137,Q97IF2G0,A0AQC1IYZ,1.1676052
137,47,A0AQC1IYZ,Q97IF2G0,1.1676052
5,47,A0A9NT3WX,Q97IF2G0,1.0986123
47,5,Q97IF2G0,A0A9NT3WX,1.0986123
8,47,A0AVG0FN9,Q97IF2G0,1.0986123
47,8,Q97IF2G0,A0AVG0FN9,1.0986123
48,56,A0AG72OYP,P0SYLZTM,1.609438
56,48,P0SYLZTM,A0AG72OYP,1.609438
48,58,A0AG72OYP,A0AKH2VL2,1.609438
58,48,A0AKH2VL2,A0AG72OYP,1.609438
48,191,A0AG72OYP,A0AX5WVFL,1.4552872
191,48,A0AX5WVFL,A0AG72OYP,1.4552872
48,171,A0AG72OYP,P0C5BA7U,1.3862944
171,48,P0C5BA7U,A0AG72OYP,1.3862944
48,102,A0AG72OYP,Q9X63CFT,1.3217559
102,48,Q9X63CFT,A0AG72OYP,1.3217559
48,173,A0AG72OYP,Q92W37DG,1.3217559
173,48,Q92W37DG,A0AG72OYP,1.3217559
48,179,A0AG72OYP,P0FCPKJD,1.3217559
179,48,P0FCPKJD,A0AG72OYP,1.3217559
48,122,A0AG72OYP,A0AQ8MYXV,1.2909842
122,48,A0AQ8MYXV,A0AG72OYP,1.2909842
48,91,A0AG72OYP,A0A08YG0R,1.2039728
91,48,A0A08YG0R,A0AG72OYP,1.2039728
48,114,A0AG72OYP,O049ITN6,1.2039728
114,48,O049ITN6,A0AG72OYP,1.2039728
48,84,A0AG72OYP,O0Q3VLIF,1.0986123
84,48,O0Q3VLIF,A0AG72OYP,1.0986123
48,74,A0AG72OYP,A0AXEQBNN,1.0498221
74,48,A0AXEQBNN,A0AG72OYP,1.0498221
49,102,P0FZNBQM,Q9X63CFT,1.3217559
102,49,Q9X63CFT,P0FZNBQM,1.3217559
15,49,A0AYTJXE1,P0FZNBQM,1.2809339
49,15,P0FZNBQM,A0AYTJXE1,1.2809339
49,201,P0FZNBQM,O0W6AHF7,1.2039728
201,49,O0W6AHF7,P0FZNBQM,1.2039728
49,73,P0FZNBQM,Q9479T6B,1.0986123
73,49,Q9479T6B,P0FZNBQM,1.0986123
49,92,P0FZNBQM,P093KMK8,1.0986123
92,49,P093KMK8,P0FZNBQM,1.0986123
49,100,P0FZNBQM,O0KIZZQO,1.0986123
100,49,O0KIZZQO,P0FZNBQM,1.0986123
30,49,Q9OR56FA,P0FZNBQM,1.0986123
49,30,P0FZNBQM,Q9OR56FA,1.0986123
49,67,P0FZNBQM,Q94J1RI2,1.0986123
67,49,Q94J1RI2,P0FZNBQM,1.0986123
47,49,Q97IF2G0,P0FZNBQM,1.0986123
49,47,P0FZNBQM,Q97IF2G0,1.0986123
49,63,P0FZNBQM,Q9XA11D1,1.0986123
63,49,Q9XA11D1,P0FZNBQM,1.0986123
49,144,P0FZNBQM,Q9P84DY8,1.0986123
144,49,Q9P84DY8,P0FZNBQM,1.0986123
49,219,P0FZNBQM,P0NUVY8X,1.0986123
219,49,P0NUVY8X,P0FZNBQM,1.0986123
50,73,O0M35IXZ,Q9479T6B,1.7917595
73,50,Q9479T6B,O0M35IXZ,1.7917595
50,145,O0M35IXZ,P0CJ883F,1.6376088
145,50,P0CJ883F,O0M35IXZ,1.6376088
50,211,O0M35IXZ,P0BXK5BV,1.5686159
211,50,P0BXK5BV,O0M35IXZ,1.5686159
50,160,O0M35IXZ,A0A8VMUH4,1.5686159
160,50,A0A8VMUH4,O0M35IXZ,1.5686159
50,91,O0M35IXZ,A0A08YG0R,1.3862944
91,50,A0A08YG0R,O0M35IXZ,1.3862944
50,172,O0M35IXZ,O0UZPEAU,1.3862944
172,50,O0UZPEAU,O0M35IXZ,1.3862944
50,186,O0M35IXZ,A0ALUNJ4J,1.3862944
186,50,A0ALUNJ4J,O0M35IXZ,1.3862944
50,206,O0M35IXZ,O0BNN0ME,1.3862944
206,50,O0BNN0ME,O0M35IXZ,1.3862944
50,105,O0M35IXZ,A0AIY4VAR,1.2809339
105,50,A0AIY4VAR,O0M35IXZ,1.2809339
51,204,P0KC1MS8,Q9KAMUGF,1.1676052
204,51,Q9KAMUGF,P0KC1MS8,1.1676052
8,51,A0AVG0FN9,P0KC1MS8,1.0986123
51,8,P0KC1MS8,A0AVG0FN9,1.0986123
51,113,P0KC1MS8,O08XF7KR,1.0986123
113,51,O08XF7KR,P0KC1MS8,1.0986123
36,51,P0IOYKLE,P0KC1MS8,1.0340737
51,36,P0KC1MS8,P0IOYKLE,1.0340737
51,68,P0KC1MS8,A0AZIM6CJ,0.91629076
68,51,A0AZIM6CJ,P0KC1MS8,0.91629076
51,103,P0KC1MS8,P0PQKOJ8,0.91629076
103,51,P0PQKOJ8,P0KC1MS8,0.91629076
51,116,P0KC1MS8,P03KKV95,0.91629076
116,51,P03KKV95,P0KC1MS8,0.91629076
51,117,P0KC1MS8,Q9QRL1NU,0.91629076
117,51,Q9QRL1NU,P0KC1MS8,0.91629076
51,168,P0KC1MS8,P0YVSLHD,0.91629076
168,51,P0YVSLHD,P0KC1MS8,0.91629076
51,64,P0KC1MS8,Q9G8SBIH,0.91629076
64,51,Q9G8SBIH,P0KC1MS8,0.91629076
51,96,P0KC1MS8,Q9FUK9E0,0.91629076
96,51,Q9FUK9E0,P0KC1MS8,0.91629076
51,111,P0KC1MS8,Q9JEK5RB,0.91629076
111,51,Q9JEK5RB,P0KC1MS8,0.91629076
6,51,Q9ZBIKCO,P0KC1MS8,0.8109302
51,6,P0KC1MS8,Q9ZBIKCO,0.8109302
51,88,P0KC1MS8,O0XR2DHP,0.76214004
88,51,O0XR2DHP,P0KC1MS8,0.76214004
51,159,P0KC1MS8,A0AVULEM1,0.76214004
159,51,A0AVULEM1,P0KC1MS8,0.76214004
52,58,P07E8G8Q,A0AKH2VL2,1.3217559
58,52,A0AKH2VL2,P07E8G8Q,1.3217559
52,157,P07E8G8Q,P0PXNF7E,1.3217559
157,52,P0PXNF7E,P07E8G8Q,1.3217559
52,54,P07E8G8Q,A0ANUJZA8,1.3217559
54,52,A0ANUJZA8,P07E8G8Q,1.3217559
52,153,P07E8G8Q,O0ZP6LFI,1.3217559
153,52,O0ZP6LFI,P07E8G8Q,1.3217559
52,184,P07E8G8Q,A0AIPPSFX,1.3217559
184,52,A0AIPPSFX,P07E8G8Q,1.3217559
52,80,P07E8G8Q,O07HV3IT,1.2039728
80,52,O07HV3IT,P07E8G8Q,1.2039728
52,138,P07E8G8Q,P0DOJENQ,1.2039728
138,52,P0DOJENQ,P07E8G8Q,1.2039728
11,52,O05XFF08,P07E8G8Q,1.1676052
52,11,P07E8G8Q,O05XFF08,1.1676052
52,88,P07E8G8Q,O0XR2DHP,1.1676052
88,52,O0XR2DHP,P07E8G8Q,1.1676052
52,159,P07E8G8Q,A0AVULEM1,1.1676052
159,52,A0AVULEM1,P07E8G8Q,1.1676052
52,215,P07E8G8Q,P0XLVPYW,1.1676052
215,52,P0XLVPYW,P07E8G8Q,1.1676052
15,52,A0AYTJXE1,P07E8G8Q,1.0986123
52,15,P07E8G8Q,A0AYTJXE1,1.0986123
34,52,A0A4CC5OP,P07E8G8Q,1.0340737
52,34,P07E8G8Q,A0A4CC5OP,1.0340737
53,65,A0ADP0LV6,O0EQTUL2,1.4552872
65,53,O0EQTUL2,A0ADP0LV6,1.4552872
53,139,A0ADP0LV6,O037DIA9,1.3217559
139,53,O037DIA9,A0ADP0LV6,1.3217559
53,154,A0ADP0LV6,P0WVZNVS,1.3217559
154,53,P0WVZNVS,A0ADP0LV6,1.3217559
53,215,A0ADP0LV6,P0XLVPYW,1.1676052
215,53,P0XLVPYW,A0ADP0LV6,1.1676052
53,113,A0ADP0LV6,O08XF7KR,1.0986123
113,53,O08XF7KR,A0ADP0LV6,1.0986123
53,163,A0ADP0LV6,P0BJ17ML,1.0986123
163,53,P0BJ17ML,A0ADP0LV6,1.0986123
34,53,A0A4CC5OP,A0ADP0LV6,1.0340737
53,34,A0ADP0LV6,A0A4CC5OP,1.0340737
47,53,Q97IF2G0,A0ADP0LV6,1.0340737
53,47,A0ADP0LV6,Q97IF2G0,1.0340737
53,69,A0ADP0LV6,Q9NFHOL3,1.0340737
69,53,Q9NFHOL3,A0ADP0LV6,1.0340737
53,189,A0ADP0LV6,A0AXPNNGN,1.0340737
189,53,A0AXPNNGN,A0ADP0LV6,1.0340737
53,219,A0ADP0LV6,P0NUVY8X,1.0340737
219,53,P0NUVY8X,A0ADP0LV6,1.0340737
40,53,A0A7EEDTR,A0ADP0LV6,0.91629076
53,40,A0ADP0LV6,A0A7EEDTR,0.91629076
54,185,A0ANUJZA8,P0N1YBWV,1.609438
185,54,P0N1YBWV,A0ANUJZA8,1.609438
54,93,A0ANUJZA8,Q9J9TZE5,1.4552872
93,54,Q9J9TZE5,A0ANUJZA8,1.4552872
54,159,A0ANUJZA8,A0AVULEM1,1.4552872
159,54,A0AVULEM1,A0ANUJZA8,1.4552872
54,162,A0ANUJZA8,O0493WXB,1.4552872
162,54,O0493WXB,A0ANUJZA8,1.4552872
54,183,A0ANUJZA8,O0D6MZSL,1.3862944
183,54,O0D6MZSL,A0ANUJZA8,1.3862944
54,144,A0ANUJZA8,Q9P84DY8,1.3217559
144,54,Q9P84DY8,A0ANUJZA8,1.3217559
54,91,A0ANUJZA8,A0A08YG0R,1.2039728
91,54,A0A08YG0R,A0ANUJZA8,1.2039728
54,90,A0ANUJZA8,P0MQLIZU,1.2039728
90,54,P0MQLIZU,A0ANUJZA8,1.2039728
54,166,A0ANUJZA8,A0AF1BCP1,1.2039728
166,54,A0AF1BCP1,A0ANUJZA8,1.2039728
54,196,A0ANUJZA8,P0TD44KK,1.2039728
196,54,P0TD44KK,A0ANUJZA8,1.2039728
54,135,A0ANUJZA8,P00GET87,1.2039728
135,54,P00GET87,A0ANUJZA8,1.2039728
55,73,Q9NCXLLH,Q9479T6B,1.609438
73,55,Q9479T6B,Q9NCXLLH,1.609438
55,103,Q9NCXLLH,P0PQKOJ8,1.609438
103,55,P0PQKOJ8,Q9NCXLLH,1.609438
55,117,Q9NCXLLH,Q9QRL1NU,1.609438
117,55,Q9QRL1NU,Q9NCXLLH,1.609438
55,137,Q9NCXLLH,A0AQC1IYZ,1.4552872
137,55,A0AQC1IYZ,Q9NCXLLH,1.4552872
55,156,Q9NCXLLH,Q9P5O3OG,1.4552872
156,55,Q9P5O3OG,Q9NCXLLH,1.4552872
55,101,Q9NCXLLH,P02WX7P8,1.3862944
101,55,P02WX7P8,Q9NCXLLH,1.3862944
55,167,Q9NCXLLH,O0VOHSMH,1.3862944
167,55,O0VOHSMH,Q9NCXLLH,1.3862944
55,99,Q9NCXLLH,P0XFGCA2,1.3217559
99,55,P0XFGCA2,Q9NCXLLH,1.3217559
55,146,Q9NCXLLH,Q9XVA2II,1.3217559
146,55,Q9XVA2II,Q9NCXLLH,1.3217559
55,169,Q9NCXLLH,A0AH811KH,1.3217559
169,55,A0AH811KH,Q9NCXLLH,1.3217559
55,188,Q9NCXLLH,Q9V7LN2I,1.3217559
188,55,Q9V7LN2I,Q9NCXLLH,1.3217559
55,132,Q9NCXLLH,O0361I2O,1.2909842
132,55,O0361I2O,Q9NCXLLH,1.2909842
56,78,P0SYLZTM,O0YUHZ1K,2.014903
78,56,O0YUHZ1K,P0SYLZTM,2.014903
56,183,P0SYLZTM,O0D6MZSL,1.7917595
183,56,O0D6MZSL,P0SYLZTM,1.7917595
56,79,P0SYLZTM,A0A2FLU7Y,1.4552872
79,56,A0A2FLU7Y,P0SYLZTM,1.4552872
56,107,P0SYLZTM,O08QOLDK,1.4552872
107,56,O08QOLDK,P0SYLZTM,1.4552872
56,155,P0SYLZTM,O0SP2EX9,1.4552872
155,56,O0SP2EX9,P0SYLZTM,1.4552872
56,122,P0SYLZTM,A0AQ8MYXV,1.4087672
122,56,A0AQ8MYXV,P0SYLZTM,1.4087672
56,203,P0SYLZTM,A0AD6VASP,1.3217559
203,56,A0AD6VASP,P0SYLZTM,1.3217559
56,173,P0SYLZTM,Q92W37DG,1.3217559
173,56,Q92W37DG,P0SYLZTM,1.3217559
57,73,O0XN0GUZ,Q9479T6B,1.3217559
73,57,Q9479T6B,O0XN0GUZ,1.3217559
57,137,O0XN0GUZ,A0AQC1IYZ,1.1676052
137,57,A0AQC1IYZ,O0XN0GUZ,1.1676052
31,57,O0J2QP89,O0XN0GUZ,1.1394343
57,31,O0XN0GUZ,O0J2QP89,1.1394343
55,57,Q9NCXLLH,O0XN0GUZ,1.1394343
57,55,O0XN0GUZ,Q9NCXLLH,1.1394343
57,86,O0XN0GUZ,O04GH2MR,1.1394343
86,57,O04GH2MR,O0XN0GUZ,1.1394343
57,156,O0XN0GUZ,Q9P5O3OG,0.9852836
156,57,Q9P5O3OG,O0XN0GUZ,0.9852836
6,57,Q9ZBIKCO,O0XN0GUZ,0.9650809
57,6,O0XN0GUZ,Q9ZBIKCO,0.9650809
40,57,A0A7EEDTR,O0XN0GUZ,0.91629076
57,40,O0XN0GUZ,A0A7EEDTR,0.91629076
0,57,A0AAJI0Y8,O0XN0GUZ,0.91629076
57,0,O0XN0GUZ,A0AAJI0Y8,0.91629076
57,117,O0XN0GUZ,Q9QRL1NU,0.91629076
117,57,Q9QRL1NU,O0XN0GUZ,0.91629076
35,57,A0AWPVS7N,O0XN0GUZ,0.91629076
57,35,O0XN0GUZ,A0AWPVS7N,0.91629076
57,119,O0XN0GUZ,O0Z3NX3J,0.91629076
119,57,O0Z3NX3J,O0XN0GUZ,0.91629076
57,186,O0XN0GUZ,A0ALUNJ4J,0.91629076
186,57,A0ALUNJ4J,O0XN0GUZ,0.91629076
58,74,A0AKH2VL2,A0AXEQBNN,1.8607523
74,58,A0AXEQBNN,A0AKH2VL2,1.8607523
58,91,A0AKH2VL2,A0A08YG0R,1.609438
91,58,A0A08YG0R,A0AKH2VL2,1.609438
58,176,A0AKH2VL2,P0033IFM,1.609438
176,58,P0033IFM,A0AKH2VL2,1.609438
58,84,A0AKH2VL2,O0Q3VLIF,1.5040774
84,58,O0Q3VLIF,A0AKH2VL2,1.5040774
58,174,A0AKH2VL2,Q9POC50O,1.5040774
174,58,Q9POC50O,A0AKH2VL2,1.5040774
58,98,A0AKH2VL2,P0UC8D1N,1.4552872
98,58,P0UC8D1N,A0AKH2VL2,1.4552872
58,107,A0AKH2VL2,O08QOLDK,1.4552872
107,58,O08QOLDK,A0AKH2VL2,1.4552872
58,128,A0AKH2VL2,Q9QJJA2S,1.4552872
128,58,Q9QJJA2S,A0AKH2VL2,1.4552872
58,136,A0AKH2VL2,P03J3R3V,1.4552872
136,58,P03J3R3V,A0AKH2VL2,1.4552872
58,159,A0AKH2VL2,A0AVULEM1,1.4552872
159,58,A0AVULEM1,A0AKH2VL2,1.4552872
58,191,A0AKH2VL2,A0AX5WVFL,1.4552872
191,58,A0AX5WVFL,A0AKH2VL2,1.4552872
58,122,A0AKH2VL2,A0AQ8MYXV,1.4087672
122,58,A0AQ8MYXV,A0AKH2VL2,1.4087672
58,157,A0AKH2VL2,P0PXNF7E,1.3217559
157,58,P0PXNF7E,A0AKH2VL2,1.3217559
59,112,O0YS280F,Q9ZLAOIH,1.6784308
112,59,Q9ZLAOIH,O0YS280F,1.6784308
59,114,O0YS280F,O049ITN6,1.609438
114,59,O049ITN6,O0YS280F,1.609438
59,74,O0YS280F,A0AXEQBNN,1.4552872
74,59,A0AXEQBNN,O0YS280F,1.4552872
58,59,A0AKH2VL2,O0YS280F,1.3217559
59,58,O0YS280F,A0AKH2VL2,1.3217559
59,157,O0YS280F,P0PXNF7E,1.3217559
157,59,P0PXNF7E,O0YS280F,1.3217559
59,129,O0YS280F,Q9C89K8Q,1.3217559
129,59,Q9C89K8Q,O0YS280F,1.3217559
59,84,O0YS280F,O0Q3VLIF,1.3217559
84,59,O0Q3VLIF,O0YS280F,1.3217559
59,115,O0YS280F,Q95J2O76,1.2039728
115,59,Q95J2O76,O0YS280F,1.2039728
59,158,O0YS280F,A0A3DD039,1.2039728
158,59,A0A3DD039,O0YS280F,1.2039728
59,79,O0YS280F,A0A2FLU7Y,1.1676052
79,59,A0A2FLU7Y,O0YS280F,1.1676052
59,128,O0YS280F,Q9QJJA2S,1.1676052
128,59,Q9QJJA2S,O0YS280F,1.1676052
59,136,O0YS280F,P03J3R3V,1.1676052
136,59,P03J3R3V,O0YS280F,1.1676052
60,165,P0SWM31T,Q9NQFLLF,1.3470737
165,60,Q9NQFLLF,P0SWM31T,1.3470737
23,60,Q9VAZCCC,P0SWM31T,1.2417132
60,23,P0SWM31T,Q9VAZCCC,1.2417132
60,91,P0SWM31T,A0A08YG0R,1.1239301
91,60,A0A08YG0R,P0SWM31T,1.1239301
60,172,P0SWM31T,O0UZPEAU,1.1239301
172,60,O0UZPEAU,P0SWM31T,1.1239301
60,140,P0SWM31T,P06HC36T,1.0593916
140,60,P06HC36T,P0SWM31T,1.0593916
15,60,A0AYTJXE1,P0SWM31T,1.0185696
60,15,P0SWM31T,A0AYTJXE1,1.0185696
18,60,A0AVREN9T,P0SWM31T,1.0185696
60,18,P0SWM31T,A0AVREN9T,1.0185696
50,60,O0M35IXZ,P0SWM31T,1.0185696
60,50,P0SWM31T,O0M35IXZ,1.0185696
60,209,P0SWM31T,Q93C1QKC,1.0185696
209,60,Q93C1QKC,P0SWM31T,1.0185696
41,60,P0VZHWJ5,P0SWM31T,0.96977943
60,41,P0SWM31T,P0VZHWJ5,0.96977943
60,88,P0SWM31T,O0XR2DHP,0.96977943
88,60,O0XR2DHP,P0SWM31T,0.96977943
60,145,P0SWM31T,P0CJ883F,0.96977943
145,60,P0CJ883F,P0SWM31T,0.96977943
60,80,P0SWM31T,O07HV3IT,0.94160855
80,60,O07HV3IT,P0SWM31T,0.94160855
60,152,P0SWM31T,P0Q8CROG,0.94160855
152,60,P0Q8CROG,P0SWM31T,0.94160855
61,97,Q93FB9WE,Q91N6KV1,1.5606477
97,61,Q91N6KV1,Q93FB9WE,1.5606477
61,133,Q93FB9WE,Q9WYZX4G,1.4552872
133,61,Q9WYZX4G,Q93FB9WE,1.4552872
61,161,Q93FB9WE,Q94MUEKO,1.4552872
161,61,Q94MUEKO,Q93FB9WE,1.4552872
61,176,Q93FB9WE,P0033IFM,1.4552872
176,61,P0033IFM,Q93FB9WE,1.4552872
61,85,Q93FB9WE,P05IQVNB,1.3375041
85,61,P05IQVNB,Q93FB9WE,1.3375041
61,115,Q93FB9WE,Q95J2O76,1.3375041
115,61,Q95J2O76,Q93FB9WE,1.3375041
61,171,Q93FB9WE,P0C5BA7U,1.2321436
171,61,P0C5BA7U,Q93FB9WE,1.2321436
61,183,Q93FB9WE,O0D6MZSL,1.2321436
183,61,O0D6MZSL,Q93FB9WE,1.2321436
61,211,Q93FB9WE,P0BXK5BV,1.2321436
211,61,P0BXK5BV,Q93FB9WE,1.2321436
61,129,Q93FB9WE,Q9C89K8Q,1.1676052
129,61,Q9C89K8Q,Q93FB9WE,1.1676052
61,122,Q93FB9WE,A0AQ8MYXV,1.1368335
122,61,A0AQ8MYXV,Q93FB9WE,1.1368335
40,61,A0A7EEDTR,Q93FB9WE,1.0498221
61,40,Q93FB9WE,A0A7EEDTR,1.0498221
61,78,Q93FB9WE,O0YUHZ1K,1.0498221
78,61,O0YUHZ1K,Q93FB9WE,1.0498221
62,185,O0OWGZRP,P0N1YBWV,1.3217559
185,62,P0N1YBWV,O0OWGZRP,1.3217559
62,93,O0OWGZRP,Q9J9TZE5,1.118815
93,62,Q9J9TZE5,O0OWGZRP,1.118815
62,110,O0OWGZRP,O0OGN1WD,1.0986123
110,62,O0OGN1WD,O0OWGZRP,1.0986123
62,164,O0OWGZRP,Q9UOFWB7,1.0986123
164,62,Q9UOFWB7,O0OWGZRP,1.0986123
54,62,A0ANUJZA8,O0OWGZRP,1.0498221
62,54,O0OWGZRP,A0ANUJZA8,1.0498221
62,76,O0OWGZRP,A0AQ0B8IE,1.0498221
76,62,A0AQ0B8IE,O0OWGZRP,1.0498221
62,166,O0OWGZRP,A0AF1BCP1,1.0498221
166,62,A0AF1BCP1,O0OWGZRP,1.0498221
3,62,Q9ZMF8MF,O0OWGZRP,1.0498221
62,3,O0OWGZRP,Q9ZMF8MF,1.0498221
62,138,O0OWGZRP,P0DOJENQ,1.0498221
138,62,P0DOJENQ,O0OWGZRP,1.0498221
62,189,O0OWGZRP,A0AXPNNGN,0.9852836
189,62,A0AXPNNGN,O0OWGZRP,0.9852836
62,218,O0OWGZRP,Q94YPEIX,0.9852836
218,62,Q94YPEIX,O0OWGZRP,0.9852836
21,62,Q971YZOX,O0OWGZRP,0.9444616
62,21,O0OWGZRP,Q971YZOX,0.9444616
62,143,O0OWGZRP,O0X4W7KX,0.9444616
143,62,O0X4W7KX,O0OWGZRP,0.9444616
62,162,O0OWGZRP,O0493WXB,0.8956714
162,62,O0493WXB,O0OWGZRP,0.8956714
62,204,O0OWGZRP,Q9KAMUGF,0.8956714
204,62,Q9KAMUGF,O0OWGZRP,0.8956714
63,70,Q9XA11D1,O0C3O18B,1.5040774
70,63,O0C3O18B,Q9XA11D1,1.5040774
63,124,Q9XA11D1,Q9W790PG,1.2039728
124,63,Q9W790PG,Q9XA11D1,1.2039728
11,63,O05XFF08,Q9XA11D1,1.1676052
63,11,Q9XA11D1,O05XFF08,1.1676052
63,65,Q9XA11D1,O0EQTUL2,1.1676052
65,63,O0EQTUL2,Q9XA11D1,1.1676052
63,178,Q9XA11D1,O011Q7UU,1.1676052
178,63,O011Q7UU,Q9XA11D1,1.1676052
63,215,Q9XA11D1,P0XLVPYW,1.1676052
215,63,P0XLVPYW,Q9XA11D1,1.1676052
5,63,A0A9NT3WX,Q9XA11D1,1.0986123
63,5,Q9XA11D1,A0A9NT3WX,1.0986123
63,104,Q9XA11D1,O0PV60VB,1.0986123
104,63,O0PV60VB,Q9XA11D1,1.0986123
63,209,Q9XA11D1,Q93C1QKC,1.0986123
209,63,Q93C1QKC,Q9XA11D1,1.0986123
63,144,Q9XA11D1,Q9P84DY8,1.0340737
144,63,Q9P84DY8,Q9XA11D1,1.0340737
64,168,Q9G8SBIH,P0YVSLHD,1.2039728
168,64,P0YVSLHD,Q9G8SBIH,1.2039728
64,196,Q9G8SBIH,P0TD44KK,1.2039728
196,64,P0TD44KK,Q9G8SBIH,1.2039728
64,187,Q9G8SBIH,P0CX7LXZ,1.2039728
187,64,P0CX7LXZ,Q9G8SBIH,1.2039728
64,151,Q9G8SBIH,O0QNVQHC,1.0498221
151,64,O0QNVQHC,Q9G8SBIH,1.0498221
64,70,Q9G8SBIH,O0C3O18B,0.98082924
70,64,O0C3O18B,Q9G8SBIH,0.98082924
64,113,Q9G8SBIH,O08XF7KR,0.98082924
113,64,O08XF7KR,Q9G8SBIH,0.98082924
64,143,Q9G8SBIH,O0X4W7KX,0.98082924
143,64,O0X4W7KX,Q9G8SBIH,0.98082924
64,144,Q9G8SBIH,Q9P84DY8,0.91629076
144,64,Q9P84DY8,Q9G8SBIH,0.91629076
64,189,Q9G8SBIH,A0AXPNNGN,0.91629076
189,64,A0AXPNNGN,Q9G8SBIH,0.91629076
64,193,Q9G8SBIH,O0II826M,0.91629076
193,64,O0II826M,Q9G8SBIH,0.91629076
64,200,Q9G8SBIH,Q9B7R314,0.91629076
200,64,Q9B7R314,Q9G8SBIH,0.91629076
64,208,Q9G8SBIH,A0AMMX3Y4,0.8855191
208,64,A0AMMX3Y4,Q9G8SBIH,0.8855191
65,139,O0EQTUL2,O037DIA9,1.7429693
139,65,O037DIA9,O0EQTUL2,1.7429693
65,100,O0EQTUL2,O0KIZZQO,1.4552872
100,65,O0KIZZQO,O0EQTUL2,1.4552872
65,135,O0EQTUL2,P00GET87,1.3375041
135,65,P00GET87,O0EQTUL2,1.3375041
65,151,O0EQTUL2,O0QNVQHC,1.3011365
151,65,O0QNVQHC,O0EQTUL2,1.3011365
65,210,O0EQTUL2,Q95LLO34,1.1676052
210,65,Q95LLO34,O0EQTUL2,1.1676052
30,65,Q9OR56FA,O0EQTUL2,1.0498221
65,30,O0EQTUL2,Q9OR56FA,1.0498221
65,67,O0EQTUL2,Q94J1RI2,1.0498221
67,65,Q94J1RI2,O0EQTUL2,1.0498221
65,76,O0EQTUL2,A0AQ0B8IE,1.0498221
76,65,A0AQ0B8IE,O0EQTUL2,1.0498221
65,90,O0EQTUL2,P0MQLIZU,1.0498221
90,65,P0MQLIZU,O0EQTUL2,1.0498221
65,111,O0EQTUL2,Q9JEK5RB,1.0498221
111,65,Q9JEK5RB,O0EQTUL2,1.0498221
65,124,O0EQTUL2,Q9W790PG,1.0498221
124,65,Q9W790PG,O0EQTUL2,1.0498221
66,194,O03T60RQ,P0YUP126,1.3862944
194,66,P0YUP126,O03T60RQ,1.3862944
66,151,O03T60RQ,O0QNVQHC,1.2321436
151,66,O0QNVQHC,O03T60RQ,1.2321436
66,172,O03T60RQ,O0UZPEAU,1.2039728
172,66,O0UZPEAU,O03T60RQ,1.2039728
13,66,O0DBDW21,O03T60RQ,1.0986123
66,13,O03T60RQ,O0DBDW21,1.0986123
66,92,O03T60RQ,P093KMK8,1.0986123
92,66,P093KMK8,O03T60RQ,1.0986123
66,100,O03T60RQ,O0KIZZQO,1.0986123
100,66,O0KIZZQO,O03T60RQ,1.0986123
31,66,O0J2QP89,O03T60RQ,1.0986123
66,31,O03T60RQ,O0J2QP89,1.0986123
45,66,Q9PBN78C,O03T60RQ,1.0986123
66,45,O03T60RQ,Q9PBN78C,1.0986123
66,83,O03T60RQ,Q9P08J38,1.0986123
83,66,Q9P08J38,O03T60RQ,1.0986123
66,170,O03T60RQ,A0ARPETI9,1.0986123
170,66,A0ARPETI9,O03T60RQ,1.0986123
66,160,O03T60RQ,A0A8VMUH4,1.0986123
160,66,A0A8VMUH4,O03T60RQ,1.0986123
66,89,O03T60RQ,P0XNTM99,1.0986123
89,66,P0XNTM99,O03T60RQ,1.0986123
67,153,Q94J1RI2,O0ZP6LFI,1.3217559
153,67,O0ZP6LFI,Q94J1RI2,1.3217559
67,184,Q94J1RI2,A0AIPPSFX,1.3217559
184,67,A0AIPPSFX,Q94J1RI2,1.3217559
67,108,Q94J1RI2,P0ORXO1C,1.2909842
108,67,P0ORXO1C,Q94J1RI2,1.2909842
30,67,Q9OR56FA,Q94J1RI2,1.2039728
67,30,Q94J1RI2,Q9OR56FA,1.2039728
67,166,Q94J1RI2,A0AF1BCP1,1.2039728
166,67,A0AF1BCP1,Q94J1RI2,1.2039728
67,196,Q94J1RI2,P0TD44KK,1.2039728
196,67,P0TD44KK,Q94J1RI2,1.2039728
67,138,Q94J1RI2,P0DOJENQ,1.2039728
138,67,P0DOJENQ,Q94J1RI2,1.2039728
67,201,Q94J1RI2,O0W6AHF7,1.2039728
201,67,O0W6AHF7,Q94J1RI2,1.2039728
67,151,Q94J1RI2,O0QNVQHC,1.0498221
151,67,O0QNVQHC,Q94J1RI2,1.0498221
58,67,A0AKH2VL2,Q94J1RI2,0.91629076
67,58,Q94J1RI2,A0AKH2VL2,0.91629076
67,100,Q94J1RI2,O0KIZZQO,0.91629076
100,67,O0KIZZQO,Q94J1RI2,0.91629076
68,86,A0AZIM6CJ,O04GH2MR,1.609438
86,68,O04GH2MR,A0AZIM6CJ,1.609438
68,188,A0AZIM6CJ,Q9V7LN2I,1.609438
188,68,Q9V7LN2I,A0AZIM6CJ,1.609438
68,71,A0AZIM6CJ,O0R7KO60,1.4916549
71,68,O0R7KO60,A0AZIM6CJ,1.4916549
68,137,A0AZIM6CJ,A0AQC1IYZ,1.4552872
137,68,A0AQC1IYZ,A0AZIM6CJ,1.4552872
68,82,A0AZIM6CJ,P0APRPN3,1.3217559
82,68,P0APRPN3,A0AZIM6CJ,1.3217559
68,169,A0AZIM6CJ,A0AH811KH,1.3217559
169,68,A0AH811KH,A0AZIM6CJ,1.3217559
68,197,A0AZIM6CJ,P0QS3D62,1.2909842
197,68,P0QS3D62,A0AZIM6CJ,1.2909842
55,68,Q9NCXLLH,A0AZIM6CJ,1.2039728
68,55,A0AZIM6CJ,Q9NCXLLH,1.2039728
68,116,A0AZIM6CJ,P03KKV95,1.2039728
116,68,P03KKV95,A0AZIM6CJ,1.2039728
68,117,A0AZIM6CJ,Q9QRL1NU,1.2039728
117,68,Q9QRL1NU,A0AZIM6CJ,1.2039728
68,141,A0AZIM6CJ,O0EBB9EP,1.2039728
141,68,O0EBB9EP,A0AZIM6CJ,1.2039728
68,147,A0AZIM6CJ,Q9C1HH5V,1.2039728
147,68,Q9C1HH5V,A0AZIM6CJ,1.2039728
69,177,Q9NFHOL3,Q9V1XG15,1.4552872
177,69,Q9V1XG15,Q9NFHOL3,1.4552872
69,182,Q9NFHOL3,O06UGVSD,1.4271164
182,69,O06UGVSD,Q9NFHOL3,1.4271164
69,154,Q9NFHOL3,P0WVZNVS,1.3217559
154,69,P0WVZNVS,Q9NFHOL3,1.3217559
69,175,Q9NFHOL3,P02CWTGW,1.2039728
175,69,P02CWTGW,Q9NFHOL3,1.2039728
69,113,Q9NFHOL3,O08XF7KR,1.0986123
113,69,O08XF7KR,Q9NFHOL3,1.0986123
69,171,Q9NFHOL3,P0C5BA7U,1.0986123
171,69,P0C5BA7U,Q9NFHOL3,1.0986123
69,110,Q9NFHOL3,O0OGN1WD,1.0986123
110,69,O0OGN1WD,Q9NFHOL3,1.0986123
69,163,Q9NFHOL3,P0BJ17ML,1.0986123
163,69,P0BJ17ML,Q9NFHOL3,1.0986123
69,164,Q9NFHOL3,Q9UOFWB7,1.0986123
164,69,Q9UOFWB7,Q9NFHOL3,1.0986123
69,205,Q9NFHOL3,P0CSS9TY,1.0986123
205,69,P0CSS9TY,Q9NFHOL3,1.0986123
34,69,A0A4CC5OP,Q9NFHOL3,1.0340737
69,34,Q9NFHOL3,A0A4CC5OP,1.0340737
70,104,O0C3O18B,O0PV60VB,1.5686159
104,70,O0PV60VB,O0C3O18B,1.5686159
70,199,O0C3O18B,P0ILDZMJ,1.5040774
199,70,P0ILDZMJ,O0C3O18B,1.5040774
70,194,O0C3O18B,P0YUP126,1.3862944
194,70,P0YUP126,O0C3O18B,1.3862944
70,152,O0C3O18B,P0Q8CROG,1.3862944
152,70,P0Q8CROG,O0C3O18B,1.3862944
70,134,O0C3O18B,A0ALPU0DS,1.3062516
134,70,A0ALPU0DS,O0C3O18B,1.3062516
70,178,O0C3O18B,O011Q7UU,1.2321436
178,70,O011Q7UU,O0C3O18B,1.2321436
13,70,O0DBDW21,O0C3O18B,1.0986123
70,13,O0C3O18B,O0DBDW21,1.0986123
23,70,Q9VAZCCC,O0C3O18B,1.0986123
70,23,O0C3O18B,Q9VAZCCC,1.0986123
70,92,O0C3O18B,P093KMK8,1.0986123
92,70,P093KMK8,O0C3O18B,1.0986123
45,70,Q9PBN78C,O0C3O18B,1.0986123
70,45,O0C3O18B,Q9PBN78C,1.0986123
71,171,O0R7KO60,P0C5BA7U,1.3862944
171,71,P0C5BA7U,O0R7KO60,1.3862944
71,133,O0R7KO60,Q9WYZX4G,1.2039728
133,71,Q9WYZX4G,O0R7KO60,1.2039728
71,86,O0R7KO60,O04GH2MR,1.2039728
86,71,O04GH2MR,O0R7KO60,1.2039728
71,126,O0R7KO60,P0NFTU2K,1.2039728
126,71,P0NFTU2K,O0R7KO60,1.2039728
71,147,O0R7KO60,Q9C1HH5V,1.2039728
147,71,Q9C1HH5V,O0R7KO60,1.2039728
71,161,O0R7KO60,Q94MUEKO,1.2039728
161,71,Q94MUEKO,O0R7KO60,1.2039728
71,99,O0R7KO60,P0XFGCA2,1.2039728
99,71,P0XFGCA2,O0R7KO60,1.2039728
71,169,O0R7KO60,A0AH811KH,1.2039728
169,71,A0AH811KH,O0R7KO60,1.2039728
71,188,O0R7KO60,Q9V7LN2I,1.2039728
188,71,Q9V7LN2I,O0R7KO60,1.2039728
71,149,O0R7KO60,P02D5EMP,1.2039728
149,71,P02D5EMP,O0R7KO60,1.2039728
71,197,O0R7KO60,P0QS3D62,1.1086626
197,71,P0QS3D62,O0R7KO60,1.1086626
71,115,O0R7KO60,Q95J2O76,1.0861897
115,71,Q95J2O76,O0R7KO60,1.0861897
72,154,Q9RJRNYZ,P0WVZNVS,1.3217559
154,72,P0WVZNVS,Q9RJRNYZ,1.3217559
72,204,Q9RJRNYZ,Q9KAMUGF,1.1676052
204,72,Q9KAMUGF,Q9RJRNYZ,1.1676052
72,87,Q9RJRNYZ,A0ASGIOTP,1.0986123
87,72,A0ASGIOTP,Q9RJRNYZ,1.0986123
72,205,Q9RJRNYZ,P0CSS9TY,1.0986123
205,72,P0CSS9TY,Q9RJRNYZ,1.0986123
69,72,Q9NFHOL3,Q9RJRNYZ,1.0340737
72,69,Q9RJRNYZ,Q9NFHOL3,1.0340737
72,153,Q9RJRNYZ,O0ZP6LFI,1.0340737
153,72,O0ZP6LFI,Q9RJRNYZ,1.0340737
72,193,Q9RJRNYZ,O0II826M,1.0340737
193,72,O0II826M,Q9RJRNYZ,1.0340737
72,91,Q9RJRNYZ,A0A08YG0R,0.91629076
91,72,A0A08YG0R,Q9RJRNYZ,0.91629076
30,72,Q9OR56FA,Q9RJRNYZ,0.91629076
72,30,Q9RJRNYZ,Q9OR56FA,0.91629076
48,72,A0AG72OYP,Q9RJRNYZ,0.91629076
72,48,Q9RJRNYZ,A0AG72OYP,0.91629076
54,72,A0ANUJZA8,Q9RJRNYZ,0.91629076
72,54,Q9RJRNYZ,A0ANUJZA8,0.91629076
67,72,Q94J1RI2,Q9RJRNYZ,0.91629076
72,67,Q9RJRNYZ,Q94J1RI2,0.91629076
72,139,Q9RJRNYZ,O037DIA9,0.91629076
139,72,O037DIA9,Q9RJRNYZ,0.91629076
72,165,Q9RJRNYZ,Q9NQFLLF,0.91629076
165,72,Q9NQFLLF,Q9RJRNYZ,0.91629076
73,137,Q9479T6B,A0AQC1IYZ,2.1484344
137,73,A0AQC1IYZ,Q9479T6B,2.1484344
73,96,Q9479T6B,Q9FUK9E0,1.609438
96,73,Q9FUK9E0,Q9479T6B,1.609438
73,119,Q9479T6B,O0Z3NX3J,1.609438
119,73,O0Z3NX3J,Q9479T6B,1.609438
73,186,Q9479T6B,A0ALUNJ4J,1.609438
186,73,A0ALUNJ4J,Q9479T6B,1.609438
73,160,Q9479T6B,A0A8VMUH4,1.5040774
160,73,A0A8VMUH4,Q9479T6B,1.5040774
73,77,Q9479T6B,A0A18HAFI,1.4552872
77,73,A0A18HAFI,Q9479T6B,1.4552872
74,98,A0AXEQBNN,P0UC8D1N,1.5888187
98,74,P0UC8D1N,A0AXEQBNN,1.5888187
74,122,A0AXEQBNN,A0AQ8MYXV,1.5422986
122,74,A0AQ8MYXV,A0AXEQBNN,1.5422986
74,114,A0AXEQBNN,O049ITN6,1.4552872
114,74,O049ITN6,A0AXEQBNN,1.4552872
74,161,A0AXEQBNN,Q94MUEKO,1.4552872
161,74,Q94MUEKO,A0AXEQBNN,1.4552872
74,214,A0AXEQBNN,O0CV3TLF,1.4552872
214,74,O0CV3TLF,A0AXEQBNN,1.4552872
74,128,A0AXEQBNN,Q9QJJA2S,1.3011365
128,74,Q9QJJA2S,A0AXEQBNN,1.3011365
74,150,A0AXEQBNN,P0AJEPEE,1.1676052
150,74,P0AJEPEE,A0AXEQBNN,1.1676052
40,74,A0A7EEDTR,A0AXEQBNN,1.0498221
74,40,A0AXEQBNN,A0A7EEDTR,1.0498221
74,91,A0AXEQBNN,A0A08YG0R,1.0498221
91,74,A0A08YG0R,A0AXEQBNN,1.0498221
75,123,O0L1N13Q,O08W5RTE,1.5606477
123,75,O08W5RTE,O0L1N13Q,1.5606477
75,76,O0L1N13Q,A0AQ0B8IE,1.4552872
76,75,A0AQ0B8IE,O0L1N13Q,1.4552872
75,198,O0L1N13Q,P07OONNF,1.4552872
198,75,P07OONNF,O0L1N13Q,1.4552872
75,142,O0L1N13Q,Q9NN8ZTJ,1.3375041
142,75,Q9NN8ZTJ,O0L1N13Q,1.3375041
75,200,O0L1N13Q,Q9B7R314,1.1676052
200,75,Q9B7R314,O0L1N13Q,1.1676052
75,210,O0L1N13Q,Q95LLO34,1.1676052
210,75,Q95LLO34,O0L1N13Q,1.1676052
75,114,O0L1N13Q,O049ITN6,1.0498221
114,75,O049ITN6,O0L1N13Q,1.0498221
75,168,O0L1N13Q,P0YVSLHD,1.0498221
168,75,P0YVSLHD,O0L1N13Q,1.0498221
43,75,P01WJ0T1,O0L1N13Q,1.0498221
75,43,O0L1N13Q,P01WJ0T1,1.0498221
75,138,O0L1N13Q,P0DOJENQ,1.0498221
138,75,P0DOJENQ,O0L1N13Q,1.0498221
75,175,O0L1N13Q,P02CWTGW,1.0498221
175,75,P02CWTGW,O0L1N13Q,1.0498221
75,120,O0L1N13Q,O08E8LD2,1.0498221
120,75,O08E8LD2,O0L1N13Q,1.0498221
76,123,A0AQ0B8IE,O08W5RTE,1.4916549
123,76,O08W5RTE,A0AQ0B8IE,1.4916549
76,93,A0AQ0B8IE,Q9J9TZE5,1.4552872
93,76,Q9J9TZE5,A0AQ0B8IE,1.4552872
76,185,A0AQ0B8IE,P0N1YBWV,1.3217559
185,76,P0N1YBWV,A0AQ0B8IE,1.3217559
76,218,A0AQ0B8IE,Q94YPEIX,1.3217559
218,76,Q94YPEIX,A0AQ0B8IE,1.3217559
76,116,A0AQ0B8IE,P03KKV95,1.2039728
116,76,P03KKV95,A0AQ0B8IE,1.2039728
76,198,A0AQ0B8IE,P07OONNF,1.2039728
198,76,P07OONNF,A0AQ0B8IE,1.2039728
76,135,A0AQ0B8IE,P00GET87,1.2039728
135,76,P00GET87,A0AQ0B8IE,1.2039728
76,138,A0AQ0B8IE,P0DOJENQ,1.2039728
138,76,P0DOJENQ,A0AQ0B8IE,1.2039728
76,142,A0AQ0B8IE,Q9NN8ZTJ,1.2039728
142,76,Q9NN8ZTJ,A0AQ0B8IE,1.2039728
76,87,A0AQ0B8IE,A0ASGIOTP,1.0986123
87,76,A0ASGIOTP,A0AQ0B8IE,1.0986123
76,143,A0AQ0B8IE,O0X4W7KX,1.0986123
143,76,O0X4W7KX,A0AQ0B8IE,1.0986123
77,119,A0A18HAFI,O0Z3NX3J,1.3375041
119,77,O0Z3NX3J,A0A18HAFI,1.3375041
77,137,A0A18HAFI,A0AQC1IYZ,1.3011365
137,77,A0AQC1IYZ,A0A18HAFI,1.3011365
77,146,A0A18HAFI,Q9XVA2II,1.1676052
146,77,Q9XVA2II,A0A18HAFI,1.1676052
77,169,A0A18HAFI,A0AH811KH,1.1676052
169,77,A0AH811KH,A0A18HAFI,1.1676052
40,77,A0A7EEDTR,A0A18HAFI,1.0498221
77,40,A0A18HAFI,A0A7EEDTR,1.0498221
0,77,A0AAJI0Y8,A0A18HAFI,1.0498221
77,0,A0A18HAFI,A0AAJI0Y8,1.0498221
55,77,Q9NCXLLH,A0A18HAFI,1.0498221
77,55,A0A18HAFI,Q9NCXLLH,1.0498221
77,103,A0A18HAFI,P0PQKOJ8,1.0498221
103,77,P0PQKOJ8,A0A18HAFI,1.0498221
77,114,A0A18HAFI,O049ITN6,1.0498221
114,77,O049ITN6,A0A18HAFI,1.0498221
77,125,A0A18HAFI,A0APY6B2S,1.0498221
125,77,A0APY6B2S,A0A18HAFI,1.0498221
77,126,A0A18HAFI,P0NFTU2K,1.0498221
126,77,P0NFTU2K,A0A18HAFI,1.0498221
77,161,A0A18HAFI,Q94MUEKO,1.0498221
161,77,Q94MUEKO,A0A18HAFI,1.0498221
9,77,Q9Y41IBU,A0A18HAFI,1.0498221
77,9,A0A18HAFI,Q9Y41IBU,1.0498221
78,203,O0YUHZ1K,A0AD6VASP,1.609438
203,78,A0AD6VASP,O0YUHZ1K,1.609438
78,130,O0YUHZ1K,O04HNRIW,1.4916549
130,78,O04HNRIW,O0YUHZ1K,1.4916549
78,107,O0YUHZ1K,O08QOLDK,1.4552872
107,78,O08QOLDK,O0YUHZ1K,1.4552872
78,183,O0YUHZ1K,O0D6MZSL,1.3862944
183,78,O0D6MZSL,O0YUHZ1K,1.3862944
78,126,O0YUHZ1K,P0NFTU2K,1.2039728
126,78,P0NFTU2K,O0YUHZ1K,1.2039728
78,161,O0YUHZ1K,Q94MUEKO,1.2039728
161,78,Q94MUEKO,O0YUHZ1K,1.2039728
78,84,O0YUHZ1K,O0Q3VLIF,1.0986123
84,78,O0Q3VLIF,O0YUHZ1K,1.0986123
78,121,O0YUHZ1K,A0ASQ0OXJ,1.0986123
121,78,A0ASQ0OXJ,O0YUHZ1K,1.0986123
79,117,A0A2FLU7Y,Q9QRL1NU,1.4552872
117,79,Q9QRL1NU,A0A2FLU7Y,1.4552872
79,97,A0A2FLU7Y,Q91N6KV1,1.3375041
97,79,Q91N6KV1,A0A2FLU7Y,1.3375041
79,107,A0A2FLU7Y,O08QOLDK,1.3011365
107,79,O08QOLDK,A0A2FLU7Y,1.3011365
10,79,O0JH75L5,A0A2FLU7Y,1.2321436
79,10,A0A2FLU7Y,O0JH75L5,1.2321436
79,149,A0A2FLU7Y,P02D5EMP,1.2321436
149,79,P02D5EMP,A0A2FLU7Y,1.2321436
79,173,A0A2FLU7Y,Q92W37DG,1.1676052
173,79,Q92W37DG,A0A2FLU7Y,1.1676052
79,188,A0A2FLU7Y,Q9V7LN2I,1.1676052
188,79,Q9V7LN2I,A0A2FLU7Y,1.1676052
79,118,A0A2FLU7Y,Q99IN4OU,1.1368335
118,79,Q99IN4OU,A0A2FLU7Y,1.1368335
0,79,A0AAJI0Y8,A0A2FLU7Y,1.0498221
79,0,A0A2FLU7Y,A0AAJI0Y8,1.0498221
80,100,O07HV3IT,O0KIZZQO,1.609438
100,80,O0KIZZQO,O07HV3IT,1.609438
80,152,O07HV3IT,P0Q8CROG,1.0861897
152,80,P0Q8CROG,O07HV3IT,1.0861897
80,172,O07HV3IT,O0UZPEAU,1.0861897
172,80,O0UZPEAU,O07HV3IT,1.0861897
38,80,Q9755NF8,O07HV3IT,1.0498221
80,38,O07HV3IT,Q9755NF8,1.0498221
80,88,O07HV3IT,O0XR2DHP,1.0498221
88,80,O0XR2DHP,O07HV3IT,1.0498221
15,80,A0AYTJXE1,O07HV3IT,0.98082924
80,15,O07HV3IT,A0AYTJXE1,0.98082924
1,80,A0AVBDIV9,O07HV3IT,0.94160855
80,1,O07HV3IT,A0AVBDIV9,0.94160855
80,148,O07HV3IT,Q92VJ998,0.94160855
148,80,Q92VJ998,O07HV3IT,0.94160855
14,80,A0ANVQJTA,O07HV3IT,0.91629076
80,14,O07HV3IT,A0ANVQJTA,0.91629076
63,80,Q9XA11D1,O07HV3IT,0.91629076
80,63,O07HV3IT,Q9XA11D1,0.91629076
81,154,A0A2UBTXE,P0WVZNVS,1.2909842
154,81,P0WVZNVS,A0A2UBTXE,1.2909842
81,198,A0A2UBTXE,P07OONNF,1.2909842
198,81,P07OONNF,A0A2UBTXE,1.2909842
81,210,A0A2UBTXE,Q95LLO34,1.2264457
210,81,Q95LLO34,A0A2UBTXE,1.2264457
81,182,A0A2UBTXE,O06UGVSD,1.1086626
182,81,O06UGVSD,A0A2UBTXE,1.1086626
23,81,Q9VAZCCC,A0A2UBTXE,1.0033021
81,23,A0A2UBTXE,Q9VAZCCC,1.0033021
81,157,A0A2UBTXE,P0PXNF7E,1.0033021
157,81,P0PXNF7E,A0A2UBTXE,1.0033021
81,139,A0A2UBTXE,O037DIA9,1.0033021
139,81,O037DIA9,A0A2UBTXE,1.0033021
81,189,A0A2UBTXE,A0AXPNNGN,1.0033021
189,81,A0AXPNNGN,A0A2UBTXE,1.0033021
81,123,A0A2UBTXE,O08W5RTE,0.8855191
123,81,O08W5RTE,A0A2UBTXE,0.8855191
81,124,A0A2UBTXE,Q9W790PG,0.8855191
124,81,Q9W790PG,A0A2UBTXE,0.8855191
81,142,A0A2UBTXE,Q9NN8ZTJ,0.8855191
142,81,Q9NN8ZTJ,A0A2UBTXE,0.8855191
81,175,A0A2UBTXE,P02CWTGW,0.8855191
175,81,P02CWTGW,A0A2UBTXE,0.8855191
65,81,O0EQTUL2,A0A2UBTXE,0.84915143
81,65,A0A2UBTXE,O0EQTUL2,0.84915143
75,81,O0L1N13Q,A0A2UBTXE,0.84915143
81,75,A0A2UBTXE,O0L1N13Q,0.84915143
82,126,P0APRPN3,P0NFTU2K,1.3217559
126,82,P0NFTU2K,P0APRPN3,1.3217559
82,149,P0APRPN3,P02D5EMP,1.3217559
149,82,P02D5EMP,P0APRPN3,1.3217559
82,217,P0APRPN3,A0AYOS0FB,1.2264457
217,82,A0AYOS0FB,P0APRPN3,1.2264457
82,96,P0APRPN3,Q9FUK9E0,1.2039728
96,82,Q9FUK9E0,P0APRPN3,1.2039728
82,177,P0APRPN3,Q9V1XG15,1.1676052
177,82,Q9V1XG15,P0APRPN3,1.1676052
82,113,P0APRPN3,O08XF7KR,1.0986123
113,82,O08XF7KR,P0APRPN3,1.0986123
82,153,P0APRPN3,O0ZP6LFI,1.0340737
153,82,O0ZP6LFI,P0APRPN3,1.0340737
82,170,P0APRPN3,A0ARPETI9,1.0340737
170,82,A0ARPETI9,P0APRPN3,1.0340737
82,188,P0APRPN3,Q9V7LN2I,1.0340737
188,82,Q9V7LN2I,P0APRPN3,1.0340737
82,197,P0APRPN3,P0QS3D62,1.0033021
197,82,P0QS3D62,P0APRPN3,1.0033021
40,82,A0A7EEDTR,P0APRPN3,0.91629076
82,40,P0APRPN3,A0A7EEDTR,0.91629076
31,82,O0J2QP89,P0APRPN3,0.91629076
82,31,P0APRPN3,O0J2QP89,0.91629076
83,92,Q9P08J38,P093KMK8,1.7272209
92,83,P093KMK8,Q9P08J38,1.7272209
83,100,Q9P08J38,O0KIZZQO,1.7272209
100,83,O0KIZZQO,Q9P08J38,1.7272209
83,186,Q9P08J38,A0ALUNJ4J,1.2039728
186,83,A0ALUNJ4J,Q9P08J38,1.2039728
11,83,O05XFF08,Q9P08J38,1.1676052
83,11,Q9P08J38,O05XFF08,1.1676052
83,151,Q9P08J38,O0QNVQHC,1.1676052
151,83,O0QNVQHC,Q9P08J38,1.1676052
83,180,Q9P08J38,P0SLQC3E,1.1394343
180,83,P0SLQC3E,Q9P08J38,1.1394343
8,83,A0AVG0FN9,Q9P08J38,1.0986123
83,8,Q9P08J38,A0AVG0FN9,1.0986123
15,83,A0AYTJXE1,Q9P08J38,1.0986123
83,15,Q9P08J38,A0AYTJXE1,1.0986123
50,83,O0M35IXZ,Q9P08J38,1.0986123
83,50,Q9P08J38,O0M35IXZ,1.0986123
83,113,Q9P08J38,O08XF7KR,1.0986123
113,83,O08XF7KR,Q9P08J38,1.0986123
83,211,Q9P08J38,P0BXK5BV,1.0986123
211,83,P0BXK5BV,Q9P08J38,1.0986123
83,205,Q9P08J38,P0CSS9TY,1.0986123
205,83,P0CSS9TY,Q9P08J38,1.0986123
84,157,O0Q3VLIF,P0PXNF7E,1.5040774
157,84,P0PXNF7E,O0Q3VLIF,1.5040774
84,214,O0Q3VLIF,O0CV3TLF,1.5040774
214,84,O0CV3TLF,O0Q3VLIF,1.5040774
84,114,O0Q3VLIF,O049ITN6,1.3862944
114,84,O049ITN6,O0Q3VLIF,1.3862944
84,173,O0Q3VLIF,Q92W37DG,1.3217559
173,84,Q92W37DG,O0Q3VLIF,1.3217559
84,174,O0Q3VLIF,Q9POC50O,1.2809339
174,84,Q9POC50O,O0Q3VLIF,1.2809339
84,107,O0Q3VLIF,O08QOLDK,1.2321436
107,84,O08QOLDK,O0Q3VLIF,1.2321436
84,131,O0Q3VLIF,P09K9XJD,1.2321436
131,84,P09K9XJD,O0Q3VLIF,1.2321436
84,136,O0Q3VLIF,P03J3R3V,1.2321436
136,84,P03J3R3V,O0Q3VLIF,1.2321436
84,97,O0Q3VLIF,Q91N6KV1,1.2039728
97,84,Q91N6KV1,O0Q3VLIF,1.2039728
56,84,P0SYLZTM,O0Q3VLIF,1.0986123
84,56,O0Q3VLIF,P0SYLZTM,1.0986123
85,97,P05IQVNB,Q91N6KV1,1.4916549
97,85,Q91N6KV1,P05IQVNB,1.4916549
85,115,P05IQVNB,Q95J2O76,1.4916549
115,85,Q95J2O76,P05IQVNB,1.4916549
85,155,P05IQVNB,O0SP2EX9,1.3375041
155,85,O0SP2EX9,P05IQVNB,1.3375041
85,192,P05IQVNB,Q9ZBNZ8S,1.3093333
192,85,Q9ZBNZ8S,P05IQVNB,1.3093333
58,85,A0AKH2VL2,P05IQVNB,1.2039728
85,58,P05IQVNB,A0AKH2VL2,1.2039728
85,133,P05IQVNB,Q9WYZX4G,1.2039728
133,85,Q9WYZX4G,P05IQVNB,1.2039728
85,157,P05IQVNB,P0PXNF7E,1.2039728
157,85,P0PXNF7E,P05IQVNB,1.2039728
85,90,P05IQVNB,P0MQLIZU,1.2039728
90,85,P0MQLIZU,P05IQVNB,1.2039728
85,114,P05IQVNB,O049ITN6,1.2039728
114,85,O049ITN6,P05IQVNB,1.2039728
85,129,P05IQVNB,Q9C89K8Q,1.2039728
129,85,Q9C89K8Q,P05IQVNB,1.2039728
85,176,P05IQVNB,P0033IFM,1.2039728
176,85,P0033IFM,P05IQVNB,1.2039728
85,158,P05IQVNB,A0A3DD039,1.0861897
158,85,A0A3DD039,P05IQVNB,1.0861897
86,117,O04GH2MR,Q9QRL1NU,1.609438
117,86,Q9QRL1NU,O04GH2MR,1.609438
86,197,O04GH2MR,P0QS3D62,1.5141277
197,86,P0QS3D62,O04GH2MR,1.5141277
86,188,O04GH2MR,Q9V7LN2I,1.3217559
188,86,Q9V7LN2I,O04GH2MR,1.3217559
55,86,Q9NCXLLH,O04GH2MR,1.2039728
86,55,O04GH2MR,Q9NCXLLH,1.2039728
86,103,O04GH2MR,P0PQKOJ8,1.2039728
103,86,P0PQKOJ8,O04GH2MR,1.2039728
86,116,O04GH2MR,P03KKV95,1.2039728
116,86,P03KKV95,O04GH2MR,1.2039728
86,96,O04GH2MR,Q9FUK9E0,1.2039728
96,86,Q9FUK9E0,O04GH2MR,1.2039728
86,101,O04GH2MR,P02WX7P8,1.0986123
101,86,P02WX7P8,O04GH2MR,1.0986123
86,167,O04GH2MR,O0VOHSMH,1.0986123
167,86,O0VOHSMH,O04GH2MR,1.0986123
87,196,A0ASGIOTP,P0TD44KK,1.3862944
196,87,P0TD44KK,A0ASGIOTP,1.3862944
87,162,A0ASGIOTP,O0493WXB,1.2321436
162,87,O0493WXB,A0ASGIOTP,1.2321436
87,204,A0ASGIOTP,Q9KAMUGF,1.2321436
204,87,Q9KAMUGF,A0ASGIOTP,1.2321436
87,123,A0ASGIOTP,O08W5RTE,1.2039728
123,87,O08W5RTE,A0ASGIOTP,1.2039728
87,139,A0ASGIOTP,O037DIA9,1.0986123
139,87,O037DIA9,A0ASGIOTP,1.0986123
87,154,A0ASGIOTP,P0WVZNVS,1.0986123
154,87,P0WVZNVS,A0ASGIOTP,1.0986123
87,166,A0ASGIOTP,A0AF1BCP1,1.0986123
166,87,A0AF1BCP1,A0ASGIOTP,1.0986123
87,198,A0ASGIOTP,P07OONNF,1.0986123
198,87,P07OONNF,A0ASGIOTP,1.0986123
87,185,A0ASGIOTP,P0N1YBWV,1.0986123
185,87,P0N1YBWV,A0ASGIOTP,1.0986123
87,193,A0ASGIOTP,O0II826M,1.0986123
193,87,O0II826M,A0ASGIOTP,1.0986123
87,200,A0ASGIOTP,Q9B7R314,1.0986123
200,87,Q9B7R314,A0ASGIOTP,1.0986123
87,205,A0ASGIOTP,P0CSS9TY,1.0986123
205,87,P0CSS9TY,A0ASGIOTP,1.0986123
88,138,O0XR2DHP,P0DOJENQ,1.3375041
138,88,P0DOJENQ,O0XR2DHP,1.3375041
88,201,O0XR2DHP,O0W6AHF7,1.3375041
201,88,O0W6AHF7,O0XR2DHP,1.3375041
15,88,A0AYTJXE1,O0XR2DHP,1.2321436
88,15,O0XR2DHP,A0AYTJXE1,1.2321436
88,94,O0XR2DHP,A0A5UQPGD,1.2321436
94,88,A0A5UQPGD,O0XR2DHP,1.2321436
88,199,O0XR2DHP,P0ILDZMJ,1.1676052
199,88,P0ILDZMJ,O0XR2DHP,1.1676052
88,127,O0XR2DHP,Q9C5WI6J,1.1368335
127,88,Q9C5WI6J,O0XR2DHP,1.1368335
88,91,O0XR2DHP,A0A08YG0R,1.0498221
91,88,A0A08YG0R,O0XR2DHP,1.0498221
54,88,A0ANUJZA8,O0XR2DHP,1.0498221
88,54,O0XR2DHP,A0ANUJZA8,1.0498221
88,116,O0XR2DHP,P03KKV95,1.0498221
116,88,P03KKV95,O0XR2DHP,1.0498221
89,91,P0XNTM99,A0A08YG0R,1.2039728
91,89,A0A08YG0R,P0XNTM99,1.2039728
89,172,P0XNTM99,O0UZPEAU,1.2039728
172,89,O0UZPEAU,P0XNTM99,1.2039728
5,89,A0A9NT3WX,P0XNTM99,1.0986123
89,5,P0XNTM99,A0A9NT3WX,1.0986123
70,89,O0C3O18B,P0XNTM99,1.0986123
89,70,P0XNTM99,O0C3O18B,1.0986123
89,104,P0XNTM99,O0PV60VB,1.0986123
104,89,O0PV60VB,P0XNTM99,1.0986123
89,180,P0XNTM99,P0SLQC3E,1.0704414
180,89,P0SLQC3E,P0XNTM99,1.0704414
89,178,P0XNTM99,O011Q7UU,1.0498221
178,89,O011Q7UU,P0XNTM99,1.0498221
23,89,Q9VAZCCC,P0XNTM99,0.91629076
89,23,P0XNTM99,Q9VAZCCC,0.91629076
89,92,P0XNTM99,P093KMK8,0.91629076
92,89,P093KMK8,P0XNTM99,0.91629076
89,100,P0XNTM99,O0KIZZQO,0.91629076
100,89,O0KIZZQO,P0XNTM99,0.91629076
89,125,P0XNTM99,A0APY6B2S,0.91629076
125,89,A0APY6B2S,P0XNTM99,0.91629076
90,171,P0MQLIZU,P0C5BA7U,1.3862944
171,90,P0C5BA7U,P0MQLIZU,1.3862944
90,185,P0MQLIZU,P0N1YBWV,1.3217559
185,90,P0N1YBWV,P0MQLIZU,1.3217559
90,143,P0MQLIZU,O0X4W7KX,1.0986123
143,90,O0X4W7KX,P0MQLIZU,1.0986123
90,205,P0MQLIZU,P0CSS9TY,1.0986123
205,90,P0CSS9TY,P0MQLIZU,1.0986123
90,213,P0MQLIZU,P09RR7SF,1.0986123
213,90,P09RR7SF,P0MQLIZU,1.0986123
61,90,Q93FB9WE,P0MQLIZU,1.0498221
90,61,P0MQLIZU,Q93FB9WE,1.0498221
90,93,P0MQLIZU,Q9J9TZE5,1.0498221
93,90,Q9J9TZE5,P0MQLIZU,1.0498221
90,162,P0MQLIZU,O0493WXB,1.0498221
162,90,O0493WXB,P0MQLIZU,1.0498221
90,215,P0MQLIZU,P0XLVPYW,1.0498221
215,90,P0XLVPYW,P0MQLIZU,1.0498221
90,95,P0MQLIZU,P07R3OCD,1.0033021
95,90,P07R3OCD,P0MQLIZU,1.0033021
91,212,A0A08YG0R,P0EN606Y,1.7917595
212,91,P0EN606Y,A0A08YG0R,1.7917595
91,131,A0A08YG0R,P09K9XJD,1.7429693
131,91,P09K9XJD,A0A08YG0R,1.7429693
91,145,A0A08YG0R,P0CJ883F,1.7429693
145,91,P0CJ883F,A0A08YG0R,1.7429693
91,191,A0A08YG0R,A0AX5WVFL,1.7429693
191,91,A0AX5WVFL,A0A08YG0R,1.7429693
91,102,A0A08YG0R,Q9X63CFT,1.609438
102,91,Q9X63CFT,A0A08YG0R,1.609438
91,190,A0A08YG0R,P08RIECG,1.609438
190,91,P08RIECG,A0A08YG0R,1.609438
91,219,A0A08YG0R,P0NUVY8X,1.609438
219,91,P0NUVY8X,A0A08YG0R,1.609438
91,152,A0A08YG0R,P0Q8CROG,1.4916549
152,91,P0Q8CROG,A0A08YG0R,1.4916549
91,172,A0A08YG0R,O0UZPEAU,1.4916549
172,91,O0UZPEAU,A0A08YG0R,1.4916549
91,206,A0A08YG0R,O0BNN0ME,1.4916549
206,91,O0BNN0ME,A0A08YG0R,1.4916549
92,113,P093KMK8,O08XF7KR,1.7917595
113,92,O08XF7KR,P093KMK8,1.7917595
92,165,P093KMK8,Q9NQFLLF,1.609438
165,92,Q9NQFLLF,P093KMK8,1.609438
92,151,P093KMK8,O0QNVQHC,1.4552872
151,92,O0QNVQHC,P093KMK8,1.4552872
92,159,P093KMK8,A0AVULEM1,1.4552872
159,92,A0AVULEM1,P093KMK8,1.4552872
73,92,Q9479T6B,P093KMK8,1.3217559
92,73,P093KMK8,Q9479T6B,1.3217559
92,102,P093KMK8,Q9X63CFT,1.3217559
102,92,Q9X63CFT,P093KMK8,1.3217559
92,199,P093KMK8,P0ILDZMJ,1.3217559
199,92,P0ILDZMJ,P093KMK8,1.3217559
92,106,P093KMK8,A0A1GSPK1,1.2417132
106,92,A0A1GSPK1,P093KMK8,1.2417132
92,134,P093KMK8,A0ALPU0DS,1.2417132
134,92,A0ALPU0DS,P093KMK8,1.2417132
93,183,Q9J9TZE5,O0D6MZSL,1.6376088
183,93,O0D6MZSL,Q9J9TZE5,1.6376088
93,138,Q9J9TZE5,P0DOJENQ,1.5606477
138,93,P0DOJENQ,Q9J9TZE5,1.5606477
93,185,Q9J9TZE5,P0N1YBWV,1.4552872
185,93,P0N1YBWV,Q9J9TZE5,1.4552872
93,142,Q9J9TZE5,Q9NN8ZTJ,1.3375041
142,93,Q9NN8ZTJ,Q9J9TZE5,1.3375041
93,179,Q9J9TZE5,P0FCPKJD,1.1676052
179,93,P0FCPKJD,Q9J9TZE5,1.1676052
93,210,Q9J9TZE5,Q95LLO34,1.1676052
210,93,Q95LLO34,Q9J9TZE5,1.1676052
93,218,Q9J9TZE5,Q94YPEIX,1.1676052
218,93,Q94YPEIX,Q9J9TZE5,1.1676052
93,196,Q9J9TZE5,P0TD44KK,1.0498221
196,93,P0TD44KK,Q9J9TZE5,1.0498221
93,198,Q9J9TZE5,P07OONNF,1.0498221
198,93,P07OONNF,Q9J9TZE5,1.0498221
91,94,A0A08YG0R,A0A5UQPGD,1.3862944
94,91,A0A5UQPGD,A0A08YG0R,1.3862944
94,201,A0A5UQPGD,O0W6AHF7,1.2039728
201,94,O0W6AHF7,A0A5UQPGD,1.2039728
23,94,Q9VAZCCC,A0A5UQPGD,1.0986123
94,23,A0A5UQPGD,Q9VAZCCC,1.0986123
92,94,P093KMK8,A0A5UQPGD,1.0986123
94,92,A0A5UQPGD,P093KMK8,1.0986123
30,94,Q9OR56FA,A0A5UQPGD,1.0986123
94,30,A0A5UQPGD,Q9OR56FA,1.0986123
54,94,A0ANUJZA8,A0A5UQPGD,1.0986123
94,54,A0A5UQPGD,A0ANUJZA8,1.0986123
94,154,A0A5UQPGD,P0WVZNVS,1.0986123
154,94,P0WVZNVS,A0A5UQPGD,1.0986123
94,165,A0A5UQPGD,Q9NQFLLF,1.0986123
165,94,Q9NQFLLF,A0A5UQPGD,1.0986123
34,94,A0A4CC5OP,A0A5UQPGD,1.0986123
94,34,A0A5UQPGD,A0A4CC5OP,1.0986123
94,102,A0A5UQPGD,Q9X63CFT,1.0986123
102,94,Q9X63CFT,A0A5UQPGD,1.0986123
94,144,A0A5UQPGD,Q9P84DY8,1.0986123
144,94,Q9P84DY8,A0A5UQPGD,1.0986123
94,189,A0A5UQPGD,A0AXPNNGN,1.0986123
189,94,A0AXPNNGN,A0A5UQPGD,1.0986123
95,139,P07R3OCD,O037DIA9,1.2909842
139,95,O037DIA9,P07R3OCD,1.2909842
95,215,P07R3OCD,P0XLVPYW,1.1368335
215,95,P0XLVPYW,P07R3OCD,1.1368335
95,142,P07R3OCD,Q9NN8ZTJ,1.1086626
142,95,Q9NN8ZTJ,P07R3OCD,1.1086626
95,175,P07R3OCD,P02CWTGW,1.1086626
175,95,P02CWTGW,P07R3OCD,1.1086626
54,95,A0ANUJZA8,P07R3OCD,1.0033021
95,54,P07R3OCD,A0ANUJZA8,1.0033021
95,185,P07R3OCD,P0N1YBWV,1.0033021
185,95,P0N1YBWV,P07R3OCD,1.0033021
95,189,P07R3OCD,A0AXPNNGN,1.0033021
189,95,A0AXPNNGN,P07R3OCD,1.0033021
95,210,P07R3OCD,Q95LLO34,1.0033021
210,95,Q95LLO34,P07R3OCD,1.0033021
95,218,P07R3OCD,Q94YPEIX,1.0033021
218,95,Q94YPEIX,P07R3OCD,1.0033021
95,213,P07R3OCD,P09RR7SF,1.0033021
213,95,P09RR7SF,P07R3OCD,1.0033021
3,95,Q9ZMF8MF,P07R3OCD,0.8855191
95,3,P07R3OCD,Q9ZMF8MF,0.8855191
95,111,P07R3OCD,Q9JEK5RB,0.8855191
111,95,Q9JEK5RB,P07R3OCD,0.8855191
95,182,P07R3OCD,O06UGVSD,0.8855191
182,95,O06UGVSD,P07R3OCD,0.8855191
96,137,Q9FUK9E0,A0AQC1IYZ,1.3375041
137,96,A0AQC1IYZ,Q9FUK9E0,1.3375041
68,96,A0AZIM6CJ,Q9FUK9E0,1.2039728
96,68,Q9FUK9E0,A0AZIM6CJ,1.2039728
96,103,Q9FUK9E0,P0PQKOJ8,1.2039728
103,96,P0PQKOJ8,Q9FUK9E0,1.2039728
96,169,Q9FUK9E0,A0AH811KH,1.2039728
169,96,A0AH811KH,Q9FUK9E0,1.2039728
96,167,Q9FUK9E0,O0VOHSMH,1.2039728
167,96,O0VOHSMH,Q9FUK9E0,1.2039728
96,197,Q9FUK9E0,P0QS3D62,1.1086626
197,96,P0QS3D62,Q9FUK9E0,1.1086626
35,96,A0AWPVS7N,Q9FUK9E0,1.0861897
96,35,Q9FUK9E0,A0AWPVS7N,1.0861897
96,119,Q9FUK9E0,O0Z3NX3J,1.0861897
119,96,O0Z3NX3J,Q9FUK9E0,1.0861897
96,186,Q9FUK9E0,A0ALUNJ4J,1.0861897
186,96,A0ALUNJ4J,Q9FUK9E0,1.0861897
97,133,Q91N6KV1,Q9WYZX4G,1.609438
133,97,Q9WYZX4G,Q91N6KV1,1.609438
97,107,Q91N6KV1,O08QOLDK,1.5606477
107,97,O08QOLDK,Q91N6KV1,1.5606477
97,115,Q91N6KV1,Q95J2O76,1.4916549
115,97,Q95J2O76,Q91N6KV1,1.4916549
97,128,Q91N6KV1,Q9QJJA2S,1.3375041
128,97,Q9QJJA2S,Q91N6KV1,1.3375041
97,131,Q91N6KV1,P09K9XJD,1.3375041
131,97,P09K9XJD,Q91N6KV1,1.3375041
97,136,Q91N6KV1,P03J3R3V,1.3375041
136,97,P03J3R3V,Q91N6KV1,1.3375041
58,97,A0AKH2VL2,Q91N6KV1,1.2039728
97,58,Q91N6KV1,A0AKH2VL2,1.2039728
97,157,Q91N6KV1,P0PXNF7E,1.2039728
157,97,P0PXNF7E,Q91N6KV1,1.2039728
97,125,Q91N6KV1,A0APY6B2S,1.2039728
125,97,A0APY6B2S,Q91N6KV1,1.2039728
97,161,Q91N6KV1,Q94MUEKO,1.2039728
161,97,Q94MUEKO,Q91N6KV1,1.2039728
98,161,P0UC8D1N,Q94MUEKO,1.7429693
161,98,Q94MUEKO,P0UC8D1N,1.7429693
98,214,P0UC8D1N,O0CV3TLF,1.4552872
214,98,O0CV3TLF,P0UC8D1N,1.4552872
98,122,P0UC8D1N,A0AQ8MYXV,1.359977
122,98,A0AQ8MYXV,P0UC8D1N,1.359977
98,191,P0UC8D1N,A0AX5WVFL,1.3011365
191,98,A0AX5WVFL,P0UC8D1N,1.3011365
10,98,O0JH75L5,P0UC8D1N,1.2321436
98,10,P0UC8D1N,O0JH75L5,1.2321436
98,171,P0UC8D1N,P0C5BA7U,1.2321436
171,98,P0C5BA7U,P0UC8D1N,1.2321436
98,121,P0UC8D1N,A0ASQ0OXJ,1.2321436
121,98,A0ASQ0OXJ,P0UC8D1N,1.2321436
98,174,P0UC8D1N,Q9POC50O,1.2321436
174,98,Q9POC50O,P0UC8D1N,1.2321436
98,150,P0UC8D1N,P0AJEPEE,1.1676052
150,98,P0AJEPEE,P0UC8D1N,1.1676052
98,190,P0UC8D1N,P08RIECG,1.1676052
190,98,P08RIECG,P0UC8D1N,1.1676052
40,98,A0A7EEDTR,P0UC8D1N,1.0498221
98,40,P0UC8D1N,A0A7EEDTR,1.0498221
99,156,P0XFGCA2,Q9P5O3OG,1.4552872
156,99,Q9P5O3OG,P0XFGCA2,1.4552872
99,133,P0XFGCA2,Q9WYZX4G,1.3217559
133,99,Q9WYZX4G,P0XFGCA2,1.3217559
99,117,P0XFGCA2,Q9QRL1NU,1.3217559
117,99,Q9QRL1NU,P0XFGCA2,1.3217559
99,101,P0XFGCA2,P02WX7P8,1.3217559
101,99,P02WX7P8,P0XFGCA2,1.3217559
99,216,P0XFGCA2,O0B5M9JD,1.2264457
216,99,O0B5M9JD,P0XFGCA2,1.2264457
99,119,P0XFGCA2,O0Z3NX3J,1.2039728
119,99,O0Z3NX3J,P0XFGCA2,1.2039728
99,186,P0XFGCA2,A0ALUNJ4J,1.2039728
186,99,A0ALUNJ4J,P0XFGCA2,1.2039728
99,206,P0XFGCA2,O0BNN0ME,1.2039728
206,99,O0BNN0ME,P0XFGCA2,1.2039728
50,99,O0M35IXZ,P0XFGCA2,1.0986123
99,50,P0XFGCA2,O0M35IXZ,1.0986123
99,146,P0XFGCA2,Q9XVA2II,1.0340737
146,99,Q9XVA2II,P0XFGCA2,1.0340737
100,140,O0KIZZQO,P06HC36T,1.7272209
140,100,P06HC36T,O0KIZZQO,1.7272209
100,186,O0KIZZQO,A0ALUNJ4J,1.609438
186,100,A0ALUNJ4J,O0KIZZQO,1.609438
100,151,O0KIZZQO,O0QNVQHC,1.4552872
151,100,O0QNVQHC,O0KIZZQO,1.4552872
100,216,O0KIZZQO,O0B5M9JD,1.4087672
216,100,O0B5M9JD,O0KIZZQO,1.4087672
73,100,Q9479T6B,O0KIZZQO,1.3217559
100,73,O0KIZZQO,Q9479T6B,1.3217559
100,150,O0KIZZQO,P0AJEPEE,1.3217559
150,100,P0AJEPEE,O0KIZZQO,1.3217559
101,156,P02WX7P8,Q9P5O3OG,1.2321436
156,101,Q9P5O3OG,P02WX7P8,1.2321436
73,101,Q9479T6B,P02WX7P8,1.0986123
101,73,P02WX7P8,Q9479T6B,1.0986123
92,101,P093KMK8,P02WX7P8,1.0986123
101,92,P02WX7P8,P093KMK8,1.0986123
101,117,P02WX7P8,Q9QRL1NU,1.0986123
117,101,Q9QRL1NU,P02WX7P8,1.0986123
47,101,Q97IF2G0,P02WX7P8,1.0986123
101,47,P02WX7P8,Q97IF2G0,1.0986123
101,216,P02WX7P8,O0B5M9JD,1.0033021
216,101,O0B5M9JD,P02WX7P8,1.0033021
35,101,A0AWPVS7N,P02WX7P8,0.98082924
101,35,P02WX7P8,A0AWPVS7N,0.98082924
101,186,P02WX7P8,A0ALUNJ4J,0.98082924
186,101,A0ALUNJ4J,P02WX7P8,0.98082924
101,137,P02WX7P8,A0AQC1IYZ,0.9444616
137,101,A0AQC1IYZ,P02WX7P8,0.9444616
8,101,A0AVG0FN9,P02WX7P8,0.87546873
101,8,P02WX7P8,A0AVG0FN9,0.87546873
58,102,A0AKH2VL2,Q9X63CFT,1.3217559
102,58,Q9X63CFT,A0AKH2VL2,1.3217559
102,165,Q9X63CFT,Q9NQFLLF,1.3217559
165,102,Q9NQFLLF,Q9X63CFT,1.3217559
102,124,Q9X63CFT,Q9W790PG,1.2039728
124,102,Q9W790PG,Q9X63CFT,1.2039728
102,201,Q9X63CFT,O0W6AHF7,1.2039728
201,102,O0W6AHF7,Q9X63CFT,1.2039728
102,159,Q9X63CFT,A0AVULEM1,1.1676052
159,102,A0AVULEM1,Q9X63CFT,1.1676052
103,167,P0PQKOJ8,O0VOHSMH,1.609438
167,103,O0VOHSMH,P0PQKOJ8,1.609438
103,137,P0PQKOJ8,A0AQC1IYZ,1.0498221
137,103,A0AQC1IYZ,P0PQKOJ8,1.0498221
103,197,P0PQKOJ8,P0QS3D62,1.0033021
197,103,P0QS3D62,P0PQKOJ8,1.0033021
103,216,P0PQKOJ8,O0B5M9JD,1.0033021
216,103,O0B5M9JD,P0PQKOJ8,1.0033021
103,217,P0PQKOJ8,A0AYOS0FB,1.0033021
217,103,A0AYOS0FB,P0PQKOJ8,1.0033021
104,113,O0PV60VB,O08XF7KR,1.2809339
113,104,O08XF7KR,O0PV60VB,1.2809339
23,104,Q9VAZCCC,O0PV60VB,1.0986123
104,23,O0PV60VB,Q9VAZCCC,1.0986123
92,104,P093KMK8,O0PV60VB,1.0986123
104,92,O0PV60VB,P093KMK8,1.0986123
104,154,O0PV60VB,P0WVZNVS,1.0986123
154,104,P0WVZNVS,O0PV60VB,1.0986123
34,104,A0A4CC5OP,O0PV60VB,1.0986123
104,34,O0PV60VB,A0A4CC5OP,1.0986123
49,104,P0FZNBQM,O0PV60VB,1.0986123
104,49,O0PV60VB,P0FZNBQM,1.0986123
104,123,O0PV60VB,O08W5RTE,0.98082924
123,104,O08W5RTE,O0PV60VB,0.98082924
104,152,O0PV60VB,P0Q8CROG,0.98082924
152,104,P0Q8CROG,O0PV60VB,0.98082924
104,172,O0PV60VB,O0UZPEAU,0.98082924
172,104,O0UZPEAU,O0PV60VB,0.98082924
104,145,O0PV60VB,P0CJ883F,0.9444616
145,104,P0CJ883F,O0PV60VB,0.9444616
105,165,A0AIY4VAR,Q9NQFLLF,1.3862944
165,105,Q9NQFLLF,A0AIY4VAR,1.3862944
105,206,A0AIY4VAR,O0BNN0ME,1.3862944
206,105,O0BNN0ME,A0AIY4VAR,1.3862944
105,145,A0AIY4VAR,P0CJ883F,1.2321436
145,105,P0CJ883F,A0AIY4VAR,1.2321436
105,178,A0AIY4VAR,O011Q7UU,1.2321436
178,105,O011Q7UU,A0AIY4VAR,1.2321436
105,124,A0AIY4VAR,Q9W790PG,1.2039728
124,105,Q9W790PG,A0AIY4VAR,1.2039728
92,105,P093KMK8,A0AIY4VAR,1.0986123
105,92,A0AIY4VAR,P093KMK8,1.0986123
30,105,Q9OR56FA,A0AIY4VAR,1.0986123
105,30,A0AIY4VAR,Q9OR56FA,1.0986123
105,154,A0AIY4VAR,P0WVZNVS,1.0986123
154,105,P0WVZNVS,A0AIY4VAR,1.0986123
105,194,A0AIY4VAR,P0YUP126,1.0986123
194,105,P0YUP126,A0AIY4VAR,1.0986123
45,105,Q9PBN78C,A0AIY4VAR,1.0986123
105,45,A0AIY4VAR,Q9PBN78C,1.0986123
105,219,A0AIY4VAR,P0NUVY8X,1.0986123
219,105,P0NUVY8X,A0AIY4VAR,1.0986123
105,127,A0AIY4VAR,Q9C5WI6J,1.0033021
127,105,Q9C5WI6J,A0AIY4VAR,1.0033021
105,152,A0AIY4VAR,P0Q8CROG,0.98082924
152,105,P0Q8CROG,A0AIY4VAR,0.98082924
15,106,A0AYTJXE1,A0A1GSPK1,1.3062516
106,15,A0A1GSPK1,A0AYTJXE1,1.3062516
100,106,O0KIZZQO,A0A1GSPK1,1.2417132
106,100,A0A1GSPK1,O0KIZZQO,1.2417132
106,140,A0A1GSPK1,P06HC36T,1.0593916
140,106,P06HC36T,A0A1GSPK1,1.0593916
106,199,A0A1GSPK1,P0ILDZMJ,1.0593916
199,106,P0ILDZMJ,A0A1GSPK1,1.0593916
18,106,A0AVREN9T,A0A1GSPK1,1.0185696
106,18,A0A1GSPK1,A0AVREN9T,1.0185696
70,106,O0C3O18B,A0A1GSPK1,1.0185696
106,70,A0A1GSPK1,O0C3O18B,1.0185696
66,106,O03T60RQ,A0A1GSPK1,1.0185696
106,66,A0A1GSPK1,O03T60RQ,1.0185696
24,106,P0CIYHE4,A0A1GSPK1,0.96977943
106,24,A0A1GSPK1,P0CIYHE4,0.96977943
88,106,O0XR2DHP,A0A1GSPK1,0.96977943
106,88,A0A1GSPK1,O0XR2DHP,0.96977943
106,178,A0A1GSPK1,O011Q7UU,0.96977943
178,106,O011Q7UU,A0A1GSPK1,0.96977943
106,152,A0A1GSPK1,P0Q8CROG,0.94160855
152,106,P0Q8CROG,A0A1GSPK1,0.94160855
106,172,A0A1GSPK1,O0UZPEAU,0.94160855
172,106,O0UZPEAU,A0A1GSPK1,0.94160855
1,106,A0AVBDIV9,A0A1GSPK1,0.910356
106,1,A0A1GSPK1,A0AVBDIV9,0.910356
107,115,O08QOLDK,Q95J2O76,1.3375041
115,107,Q95J2O76,O08QOLDK,1.3375041
107,136,O08QOLDK,P03J3R3V,1.3011365
136,107,P03J3R3V,O08QOLDK,1.3011365
10,107,O0JH75L5,O08QOLDK,1.2321436
107,10,O08QOLDK,O0JH75L5,1.2321436
107,183,O08QOLDK,O0D6MZSL,1.2321436
183,107,O0D6MZSL,O08QOLDK,1.2321436
107,174,O08QOLDK,Q9POC50O,1.2321436
174,107,Q9POC50O,O08QOLDK,1.2321436
107,129,O08QOLDK,Q9C89K8Q,1.1676052
129,107,Q9C89K8Q,O08QOLDK,1.1676052
107,173,O08QOLDK,Q92W37DG,1.1676052
173,107,Q92W37DG,O08QOLDK,1.1676052
107,214,O08QOLDK,O0CV3TLF,1.1676052
214,107,O0CV3TLF,O08QOLDK,1.1676052
108,154,P0ORXO1C,P0WVZNVS,1.2909842
154,108,P0WVZNVS,P0ORXO1C,1.2909842
108,168,P0ORXO1C,P0YVSLHD,1.2909842
168,108,P0YVSLHD,P0ORXO1C,1.2909842
108,113,P0ORXO1C,O08XF7KR,1.1856236
113,108,O08XF7KR,P0ORXO1C,1.1856236
108,151,P0ORXO1C,O0QNVQHC,1.1368335
151,108,O0QNVQHC,P0ORXO1C,1.1368335
108,162,P0ORXO1C,O0493WXB,1.1368335
162,108,O0493WXB,P0ORXO1C,1.1368335
30,108,Q9OR56FA,P0ORXO1C,1.0033021
108,30,P0ORXO1C,Q9OR56FA,1.0033021
69,108,Q9NFHOL3,P0ORXO1C,1.0033021
108,69,P0ORXO1C,Q9NFHOL3,1.0033021
108,153,P0ORXO1C,O0ZP6LFI,1.0033021
153,108,O0ZP6LFI,P0ORXO1C,1.0033021
108,184,P0ORXO1C,A0AIPPSFX,1.0033021
184,108,A0AIPPSFX,P0ORXO1C,1.0033021
75,108,O0L1N13Q,P0ORXO1C,0.84915143
108,75,P0ORXO1C,O0L1N13Q,0.84915143
29,108,A0AXTAD1P,P0ORXO1C,0.82098055
108,29,P0ORXO1C,A0AXTAD1P,0.82098055
108,120,P0ORXO1C,O08E8LD2,0.82098055
120,108,O08E8LD2,P0ORXO1C,0.82098055
18,108,A0AVREN9T,P0ORXO1C,0.7801586
108,18,P0ORXO1C,A0AVREN9T,0.7801586
109,183,O0DJE15A,O0D6MZSL,1.6376088
183,109,O0D6MZSL,O0DJE15A,1.6376088
109,136,O0DJE15A,P03J3R3V,1.5888187
136,109,P03J3R3V,O0DJE15A,1.5888187
109,157,O0DJE15A,P0PXNF7E,1.4552872
157,109,P0PXNF7E,O0DJE15A,1.4552872
109,190,O0DJE15A,P08RIECG,1.1676052
190,109,P08RIECG,O0DJE15A,1.1676052
109,214,O0DJE15A,O0CV3TLF,1.1676052
214,109,O0CV3TLF,O0DJE15A,1.1676052
40,109,A0A7EEDTR,O0DJE15A,1.0498221
109,40,O0DJE15A,A0A7EEDTR,1.0498221
54,109,A0ANUJZA8,O0DJE15A,1.0498221
109,54,O0DJE15A,A0ANUJZA8,1.0498221
78,109,O0YUHZ1K,O0DJE15A,1.0498221
109,78,O0DJE15A,O0YUHZ1K,1.0498221
109,125,O0DJE15A,A0APY6B2S,1.0498221
125,109,A0APY6B2S,O0DJE15A,1.0498221
109,161,O0DJE15A,Q94MUEKO,1.0498221
161,109,Q94MUEKO,O0DJE15A,1.0498221
109,166,O0DJE15A,A0AF1BCP1,1.0498221
166,109,A0AF1BCP1,O0DJE15A,1.0498221
13,110,O0DBDW21,O0OGN1WD,1.0986123
110,13,O0OGN1WD,O0DBDW21,1.0986123
110,168,O0OGN1WD,P0YVSLHD,1.0986123
168,110,P0YVSLHD,O0OGN1WD,1.0986123
110,196,O0OGN1WD,P0TD44KK,1.0986123
196,110,P0TD44KK,O0OGN1WD,1.0986123
110,210,O0OGN1WD,Q95LLO34,1.0986123
210,110,Q95LLO34,O0OGN1WD,1.0986123
110,218,O0OGN1WD,Q94YPEIX,1.0986123
218,110,Q94YPEIX,O0OGN1WD,1.0986123
110,164,O0OGN1WD,Q9UOFWB7,1.0986123
164,110,Q9UOFWB7,O0OGN1WD,1.0986123
110,208,O0OGN1WD,A0AMMX3Y4,1.0033021
208,110,A0AMMX3Y4,O0OGN1WD,1.0033021
3,110,Q9ZMF8MF,O0OGN1WD,0.98082924
110,3,O0OGN1WD,Q9ZMF8MF,0.98082924
110,142,O0OGN1WD,Q9NN8ZTJ,0.98082924
142,110,Q9NN8ZTJ,O0OGN1WD,0.98082924
110,175,O0OGN1WD,P02CWTGW,0.98082924
175,110,P02CWTGW,O0OGN1WD,0.98082924
110,182,O0OGN1WD,O06UGVSD,0.98082924
182,110,O06UGVSD,O0OGN1WD,0.98082924
93,110,Q9J9TZE5,O0OGN1WD,0.9444616
110,93,O0OGN1WD,Q9J9TZE5,0.9444616
111,139,Q9JEK5RB,O037DIA9,1.2039728
139,111,O037DIA9,Q9JEK5RB,1.2039728
88,111,O0XR2DHP,Q9JEK5RB,1.0498221
111,88,Q9JEK5RB,O0XR2DHP,1.0498221
111,136,Q9JEK5RB,P03J3R3V,1.0498221
136,111,P03J3R3V,Q9JEK5RB,1.0498221
111,215,Q9JEK5RB,P0XLVPYW,1.0498221
215,111,P0XLVPYW,Q9JEK5RB,1.0498221
10,111,O0JH75L5,Q9JEK5RB,0.98082924
111,10,Q9JEK5RB,O0JH75L5,0.98082924
111,183,Q9JEK5RB,O0D6MZSL,0.98082924
183,111,O0D6MZSL,Q9JEK5RB,0.98082924
40,111,A0A7EEDTR,Q9JEK5RB,0.7985077
111,40,Q9JEK5RB,A0A7EEDTR,0.7985077
111,125,Q9JEK5RB,A0APY6B2S,0.7985077
125,111,A0APY6B2S,Q9JEK5RB,0.7985077
111,194,Q9JEK5RB,P0YUP126,0.7985077
194,111,P0YUP126,Q9JEK5RB,0.7985077
111,158,Q9JEK5RB,A0A3DD039,0.7985077
158,111,A0A3DD039,Q9JEK5RB,0.7985077
111,182,Q9JEK5RB,O06UGVSD,0.7985077
182,111,O06UGVSD,Q9JEK5RB,0.7985077
112,157,Q9ZLAOIH,P0PXNF7E,1.8607523
157,112,P0PXNF7E,Q9ZLAOIH,1.8607523
112,129,Q9ZLAOIH,Q9C89K8Q,1.6784308
129,112,Q9C89K8Q,Q9ZLAOIH,1.6784308
112,133,Q9ZLAOIH,Q9WYZX4G,1.4552872
133,112,Q9WYZX4G,Q9ZLAOIH,1.4552872
112,114,Q9ZLAOIH,O049ITN6,1.4552872
114,112,O049ITN6,Q9ZLAOIH,1.4552872
112,161,Q9ZLAOIH,Q94MUEKO,1.4552872
161,112,Q94MUEKO,Q9ZLAOIH,1.4552872
112,115,Q9ZLAOIH,Q95J2O76,1.3375041
115,112,Q95J2O76,Q9ZLAOIH,1.3375041
112,158,Q9ZLAOIH,A0A3DD039,1.3375041
158,112,A0A3DD039,Q9ZLAOIH,1.3375041
112,128,Q9ZLAOIH,Q9QJJA2S,1.3011365
128,112,Q9QJJA2S,Q9ZLAOIH,1.3011365
112,155,Q9ZLAOIH,O0SP2EX9,1.3011365
155,112,O0SP2EX9,Q9ZLAOIH,1.3011365
112,211,Q9ZLAOIH,P0BXK5BV,1.2321436
211,112,P0BXK5BV,Q9ZLAOIH,1.2321436
113,151,O08XF7KR,O0QNVQHC,1.6376088
151,113,O0QNVQHC,O08XF7KR,1.6376088
113,200,O08XF7KR,Q9B7R314,1.5040774
200,113,Q9B7R314,O08XF7KR,1.5040774
113,154,O08XF7KR,P0WVZNVS,1.3862944
154,113,P0WVZNVS,O08XF7KR,1.3862944
113,168,O08XF7KR,P0YVSLHD,1.3862944
168,113,P0YVSLHD,O08XF7KR,1.3862944
113,196,O08XF7KR,P0TD44KK,1.3862944
196,113,P0TD44KK,O08XF7KR,1.3862944
113,123,O08XF7KR,O08W5RTE,1.3862944
123,113,O08W5RTE,O08XF7KR,1.3862944
113,159,O08XF7KR,A0AVULEM1,1.2321436
159,113,A0AVULEM1,O08XF7KR,1.2321436
113,162,O08XF7KR,O0493WXB,1.2321436
162,113,O0493WXB,O08XF7KR,1.2321436
113,177,O08XF7KR,Q9V1XG15,1.2321436
177,113,Q9V1XG15,O08XF7KR,1.2321436
113,215,O08XF7KR,P0XLVPYW,1.2321436
215,113,P0XLVPYW,O08XF7KR,1.2321436
113,133,O08XF7KR,Q9WYZX4G,1.0986123
133,113,Q9WYZX4G,O08XF7KR,1.0986123
114,173,O049ITN6,Q92W37DG,1.609438
173,114,Q92W37DG,O049ITN6,1.609438
114,155,O049ITN6,O0SP2EX9,1.4552872
155,114,O0SP2EX9,O049ITN6,1.4552872
114,211,O049ITN6,P0BXK5BV,1.3862944
211,114,P0BXK5BV,O049ITN6,1.3862944
114,214,O049ITN6,O0CV3TLF,1.3217559
214,114,O0CV3TLF,O049ITN6,1.3217559
40,114,A0A7EEDTR,O049ITN6,1.2039728
114,40,O049ITN6,A0A7EEDTR,1.2039728
114,115,O049ITN6,Q95J2O76,1.2039728
115,114,Q95J2O76,O049ITN6,1.2039728
115,133,Q95J2O76,Q9WYZX4G,1.609438
133,115,Q9WYZX4G,Q95J2O76,1.609438
115,129,Q95J2O76,Q9C89K8Q,1.609438
129,115,Q9C89K8Q,Q95J2O76,1.609438
115,155,Q95J2O76,O0SP2EX9,1.5606477
155,115,O0SP2EX9,Q95J2O76,1.5606477
115,128,Q95J2O76,Q9QJJA2S,1.3375041
128,115,Q9QJJA2S,Q95J2O76,1.3375041
115,158,Q95J2O76,A0A3DD039,1.3093333
158,115,A0A3DD039,Q95J2O76,1.3093333
58,115,A0AKH2VL2,Q95J2O76,1.2039728
115,58,Q95J2O76,A0AKH2VL2,1.2039728
115,157,Q95J2O76,P0PXNF7E,1.2039728
157,115,P0PXNF7E,Q95J2O76,1.2039728
116,117,P03KKV95,Q9QRL1NU,1.609438
117,116,Q9QRL1NU,P03KKV95,1.609438
116,188,P03KKV95,Q9V7LN2I,1.609438
188,116,Q9V7LN2I,P03KKV95,1.609438
55,116,Q9NCXLLH,P03KKV95,1.2039728
116,55,P03KKV95,Q9NCXLLH,1.2039728
116,126,P03KKV95,P0NFTU2K,1.2039728
126,116,P0NFTU2K,P03KKV95,1.2039728
116,141,P03KKV95,O0EBB9EP,1.2039728
141,116,O0EBB9EP,P03KKV95,1.2039728
116,147,P03KKV95,Q9C1HH5V,1.2039728
147,116,Q9C1HH5V,P03KKV95,1.2039728
116,166,P03KKV95,A0AF1BCP1,1.2039728
166,116,A0AF1BCP1,P03KKV95,1.2039728
116,201,P03KKV95,O0W6AHF7,1.2039728
201,116,O0W6AHF7,P03KKV95,1.2039728
116,149,P03KKV95,P02D5EMP,1.0986123
149,116,P02D5EMP,P03KKV95,1.0986123
117,169,Q9QRL1NU,A0AH811KH,1.3217559
169,117,A0AH811KH,Q9QRL1NU,1.3217559
117,132,Q9QRL1NU,O0361I2O,1.2909842
132,117,O0361I2O,Q9QRL1NU,1.2909842
117,167,Q9QRL1NU,O0VOHSMH,1.0986123
167,117,O0VOHSMH,Q9QRL1NU,1.0986123
17,117,A0A5KXVFK,Q9QRL1NU,1.0498221
117,17,Q9QRL1NU,A0A5KXVFK,1.0498221
117,156,Q9QRL1NU,Q9P5O3OG,1.0498221
156,117,Q9P5O3OG,Q9QRL1NU,1.0498221
117,118,Q9QRL1NU,Q99IN4OU,1.0033021
118,117,Q99IN4OU,Q9QRL1NU,1.0033021
55,118,Q9NCXLLH,Q99IN4OU,1.0033021
118,55,Q99IN4OU,Q9NCXLLH,1.0033021
86,118,O04GH2MR,Q99IN4OU,1.0033021
118,86,Q99IN4OU,O04GH2MR,1.0033021
116,118,P03KKV95,Q99IN4OU,1.0033021
118,116,Q99IN4OU,P03KKV95,1.0033021
118,126,Q99IN4OU,P0NFTU2K,1.0033021
126,118,P0NFTU2K,Q99IN4OU,1.0033021
22,118,O06QICA9,Q99IN4OU,1.0033021
118,22,Q99IN4OU,O06QICA9,1.0033021
59,118,O0YS280F,Q99IN4OU,1.0033021
118,59,Q99IN4OU,O0YS280F,1.0033021
118,188,Q99IN4OU,Q9V7LN2I,1.0033021
188,118,Q9V7LN2I,Q99IN4OU,1.0033021
118,149,Q99IN4OU,P02D5EMP,1.0033021
149,118,P02D5EMP,Q99IN4OU,1.0033021
25,118,Q923GDP1,Q99IN4OU,0.90799195
118,25,Q99IN4OU,Q923GDP1,0.90799195
118,132,Q99IN4OU,O0361I2O,0.90799195
132,118,O0361I2O,Q99IN4OU,0.90799195
9,118,Q9Y41IBU,Q99IN4OU,0.8855191
118,9,Q99IN4OU,Q9Y41IBU,0.8855191
119,156,O0Z3NX3J,Q9P5O3OG,1.3375041
156,119,Q9P5O3OG,O0Z3NX3J,1.3375041
55,119,Q9NCXLLH,O0Z3NX3J,1.2039728
119,55,O0Z3NX3J,Q9NCXLLH,1.2039728
119,141,O0Z3NX3J,O0EBB9EP,1.2039728
141,119,O0EBB9EP,O0Z3NX3J,1.2039728
119,147,O0Z3NX3J,Q9C1HH5V,1.2039728
147,119,Q9C1HH5V,O0Z3NX3J,1.2039728
119,186,O0Z3NX3J,A0ALUNJ4J,1.0861897
186,119,A0ALUNJ4J,O0Z3NX3J,1.0861897
17,119,A0A5KXVFK,O0Z3NX3J,1.0498221
119,17,O0Z3NX3J,A0A5KXVFK,1.0498221
119,137,O0Z3NX3J,A0AQC1IYZ,1.0498221
137,119,A0AQC1IYZ,O0Z3NX3J,1.0498221
119,177,O0Z3NX3J,Q9V1XG15,1.0498221
177,119,Q9V1XG15,O0Z3NX3J,1.0498221
120,168,O08E8LD2,P0YVSLHD,1.4271164
168,120,P0YVSLHD,O08E8LD2,1.4271164
120,154,O08E8LD2,P0WVZNVS,1.2039728
154,120,P0WVZNVS,O08E8LD2,1.2039728
120,198,O08E8LD2,P07OONNF,1.2039728
198,120,P07OONNF,O08E8LD2,1.2039728
120,189,O08E8LD2,A0AXPNNGN,1.1394343
189,120,A0AXPNNGN,O08E8LD2,1.1394343
18,120,A0AVREN9T,O08E8LD2,1.0986123
120,18,O08E8LD2,A0AVREN9T,1.0986123
120,164,O08E8LD2,Q9UOFWB7,1.0986123
164,120,Q9UOFWB7,O08E8LD2,1.0986123
120,175,O08E8LD2,P02CWTGW,1.0216513
175,120,P02CWTGW,O08E8LD2,1.0216513
120,157,O08E8LD2,P0PXNF7E,0.91629076
157,120,P0PXNF7E,O08E8LD2,0.91629076
30,120,Q9OR56FA,O08E8LD2,0.91629076
120,30,O08E8LD2,Q9OR56FA,0.91629076
78,120,O0YUHZ1K,O08E8LD2,0.91629076
120,78,O08E8LD2,O0YUHZ1K,0.91629076
19,120,Q9C58DRE,O08E8LD2,0.91629076
120,19,O08E8LD2,Q9C58DRE,0.91629076
21,120,Q971YZOX,O08E8LD2,0.91629076
120,21,O08E8LD2,Q971YZOX,0.91629076
120,163,O08E8LD2,P0BJ17ML,0.91629076
163,120,P0BJ17ML,O08E8LD2,0.91629076
121,161,A0ASQ0OXJ,Q94MUEKO,1.3862944
161,121,Q94MUEKO,A0ASQ0OXJ,1.3862944
58,121,A0AKH2VL2,A0ASQ0OXJ,1.0986123
121,58,A0ASQ0OXJ,A0AKH2VL2,1.0986123
121,126,A0ASQ0OXJ,P0NFTU2K,1.0986123
126,121,P0NFTU2K,A0ASQ0OXJ,1.0986123
7,121,A0ANQ4FMR,A0ASQ0OXJ,0.9444616
121,7,A0ASQ0OXJ,A0ANQ4FMR,0.9444616
61,121,Q93FB9WE,A0ASQ0OXJ,0.9444616
121,61,A0ASQ0OXJ,Q93FB9WE,0.9444616
74,121,A0AXEQBNN,A0ASQ0OXJ,0.9444616
121,74,A0ASQ0OXJ,A0AXEQBNN,0.9444616
77,121,A0A18HAFI,A0ASQ0OXJ,0.9444616
121,77,A0ASQ0OXJ,A0A18HAFI,0.9444616
109,121,O0DJE15A,A0ASQ0OXJ,0.9444616
121,109,A0ASQ0OXJ,O0DJE15A,0.9444616
112,121,Q9ZLAOIH,A0ASQ0OXJ,0.9444616
121,112,A0ASQ0OXJ,Q9ZLAOIH,0.9444616
121,191,A0ASQ0OXJ,A0AX5WVFL,0.9444616
191,121,A0AX5WVFL,A0ASQ0OXJ,0.9444616
10,121,O0JH75L5,A0ASQ0OXJ,0.87546873
121,10,A0ASQ0OXJ,O0JH75L5,0.87546873
121,171,A0ASQ0OXJ,P0C5BA7U,0.87546873
171,121,P0C5BA7U,A0ASQ0OXJ,0.87546873
122,214,A0AQ8MYXV,O0CV3TLF,1.2264457
214,122,O0CV3TLF,A0AQ8MYXV,1.2264457
122,136,A0AQ8MYXV,P03J3R3V,1.1368335
136,122,P03J3R3V,A0AQ8MYXV,1.1368335
122,155,A0AQ8MYXV,O0SP2EX9,1.1368335
155,122,O0SP2EX9,A0AQ8MYXV,1.1368335
32,122,O0FK8UTU,A0AQ8MYXV,1.0033021
122,32,A0AQ8MYXV,O0FK8UTU,1.0033021
78,122,O0YUHZ1K,A0AQ8MYXV,1.0033021
122,78,A0AQ8MYXV,O0YUHZ1K,1.0033021
114,122,O049ITN6,A0AQ8MYXV,1.0033021
122,114,A0AQ8MYXV,O049ITN6,1.0033021
122,125,A0AQ8MYXV,A0APY6B2S,1.0033021
125,122,A0APY6B2S,A0AQ8MYXV,1.0033021
123,200,O08W5RTE,Q9B7R314,1.609438
200,123,Q9B7R314,O08W5RTE,1.609438
123,198,O08W5RTE,P07OONNF,1.4916549
198,123,P07OONNF,O08W5RTE,1.4916549
123,153,O08W5RTE,O0ZP6LFI,1.2039728
153,123,O0ZP6LFI,O08W5RTE,1.2039728
123,135,O08W5RTE,P00GET87,1.0861897
135,123,P00GET87,O08W5RTE,1.0861897
123,142,O08W5RTE,Q9NN8ZTJ,1.0861897
142,123,Q9NN8ZTJ,O08W5RTE,1.0861897
123,151,O08W5RTE,O0QNVQHC,1.0498221
151,123,O0QNVQHC,O08W5RTE,1.0498221
123,215,O08W5RTE,P0XLVPYW,1.0498221
215,123,P0XLVPYW,O08W5RTE,1.0498221
123,187,O08W5RTE,P0CX7LXZ,1.0216513
187,123,P0CX7LXZ,O08W5RTE,1.0216513
124,165,Q9W790PG,Q9NQFLLF,1.7147985
165,124,Q9NQFLLF,Q9W790PG,1.7147985
124,178,Q9W790PG,O011Q7UU,1.5606477
178,124,O011Q7UU,Q9W790PG,1.5606477
124,201,Q9W790PG,O0W6AHF7,1.3093333
201,124,O0W6AHF7,Q9W790PG,1.3093333
92,124,P093KMK8,Q9W790PG,1.2039728
124,92,Q9W790PG,P093KMK8,1.2039728
30,124,Q9OR56FA,Q9W790PG,1.2039728
124,30,Q9W790PG,Q9OR56FA,1.2039728
124,194,Q9W790PG,P0YUP126,1.2039728
194,124,P0YUP126,Q9W790PG,1.2039728
124,210,Q9W790PG,Q95LLO34,1.2039728
210,124,Q95LLO34,Q9W790PG,1.2039728
125,150,A0APY6B2S,P0AJEPEE,1.3217559
150,125,P0AJEPEE,A0APY6B2S,1.3217559
125,214,A0APY6B2S,O0CV3TLF,1.3217559
214,125,O0CV3TLF,A0APY6B2S,1.3217559
40,125,A0A7EEDTR,A0APY6B2S,1.2039728
125,40,A0APY6B2S,A0A7EEDTR,1.2039728
125,161,A0APY6B2S,Q94MUEKO,1.2039728
161,125,Q94MUEKO,A0APY6B2S,1.2039728
125,194,A0APY6B2S,P0YUP126,1.2039728
194,125,P0YUP126,A0APY6B2S,1.2039728
125,158,A0APY6B2S,A0A3DD039,1.2039728
158,125,A0A3DD039,A0APY6B2S,1.2039728
84,125,O0Q3VLIF,A0APY6B2S,1.0986123
125,84,A0APY6B2S,O0Q3VLIF,1.0986123
61,125,Q93FB9WE,A0APY6B2S,1.0498221
125,61,A0APY6B2S,Q93FB9WE,1.0498221
74,125,A0AXEQBNN,A0APY6B2S,1.0498221
125,74,A0APY6B2S,A0AXEQBNN,1.0498221
79,125,A0A2FLU7Y,A0APY6B2S,1.0498221
125,79,A0APY6B2S,A0A2FLU7Y,1.0498221
98,125,P0UC8D1N,A0APY6B2S,1.0498221
125,98,A0APY6B2S,P0UC8D1N,1.0498221
126,161,P0NFTU2K,Q94MUEKO,1.609438
161,126,Q94MUEKO,P0NFTU2K,1.609438
40,126,A0A7EEDTR,P0NFTU2K,1.2039728
126,40,P0NFTU2K,A0A7EEDTR,1.2039728
126,176,P0NFTU2K,P0033IFM,1.2039728
176,126,P0033IFM,P0NFTU2K,1.2039728
126,149,P0NFTU2K,P02D5EMP,1.0986123
149,126,P02D5EMP,P0NFTU2K,1.0986123
61,126,Q93FB9WE,P0NFTU2K,1.0498221
126,61,P0NFTU2K,Q93FB9WE,1.0498221
74,126,A0AXEQBNN,P0NFTU2K,1.0498221
126,74,P0NFTU2K,A0AXEQBNN,1.0498221
98,126,P0UC8D1N,P0NFTU2K,1.0498221
126,98,P0NFTU2K,P0UC8D1N,1.0498221
112,126,Q9ZLAOIH,P0NFTU2K,1.0498221
126,112,P0NFTU2K,Q9ZLAOIH,1.0498221
126,155,P0NFTU2K,O0SP2EX9,1.0498221
155,126,O0SP2EX9,P0NFTU2K,1.0498221
127,145,Q9C5WI6J,P0CJ883F,1.1368335
145,127,P0CJ883F,Q9C5WI6J,1.1368335
127,178,Q9C5WI6J,O011Q7UU,1.1368335
178,127,O011Q7UU,Q9C5WI6J,1.1368335
127,201,Q9C5WI6J,O0W6AHF7,1.1086626
201,127,O0W6AHF7,Q9C5WI6J,1.1086626
127,206,Q9C5WI6J,O0BNN0ME,1.1086626
206,127,O0BNN0ME,Q9C5WI6J,1.1086626
23,127,Q9VAZCCC,Q9C5WI6J,1.0033021
127,23,Q9C5WI6J,Q9VAZCCC,1.0033021
116,127,P03KKV95,Q9C5WI6J,1.0033021
127,116,Q9C5WI6J,P03KKV95,1.0033021
127,147,Q9C5WI6J,Q9C1HH5V,1.0033021
147,127,Q9C1HH5V,Q9C5WI6J,1.0033021
34,127,A0A4CC5OP,Q9C5WI6J,1.0033021
127,34,Q9C5WI6J,A0A4CC5OP,1.0033021
63,127,Q9XA11D1,Q9C5WI6J,1.0033021
127,63,Q9C5WI6J,Q9XA11D1,1.0033021
127,199,Q9C5WI6J,P0ILDZMJ,1.0033021
199,127,P0ILDZMJ,Q9C5WI6J,1.0033021
128,158,Q9QJJA2S,A0A3DD039,1.5606477
158,128,A0A3DD039,Q9QJJA2S,1.5606477
128,133,Q9QJJA2S,Q9WYZX4G,1.4552872
133,128,Q9WYZX4G,Q9QJJA2S,1.4552872
128,157,Q9QJJA2S,P0PXNF7E,1.4552872
157,128,P0PXNF7E,Q9QJJA2S,1.4552872
10,128,O0JH75L5,Q9QJJA2S,1.2321436
128,10,Q9QJJA2S,O0JH75L5,1.2321436
128,129,Q9QJJA2S,Q9C89K8Q,1.1676052
129,128,Q9C89K8Q,Q9QJJA2S,1.1676052
128,169,Q9QJJA2S,A0AH811KH,1.1676052
169,128,A0AH811KH,Q9QJJA2S,1.1676052
128,173,Q9QJJA2S,Q92W37DG,1.1676052
173,128,Q92W37DG,Q9QJJA2S,1.1676052
58,129,A0AKH2VL2,Q9C89K8Q,1.3217559
129,58,Q9C89K8Q,A0AKH2VL2,1.3217559
129,133,Q9C89K8Q,Q9WYZX4G,1.3217559
133,129,Q9WYZX4G,Q9C89K8Q,1.3217559
129,157,Q9C89K8Q,P0PXNF7E,1.3217559
157,129,P0PXNF7E,Q9C89K8Q,1.3217559
129,161,Q9C89K8Q,Q94MUEKO,1.3217559
161,129,Q94MUEKO,Q9C89K8Q,1.3217559
97,129,Q91N6KV1,Q9C89K8Q,1.2039728
129,97,Q9C89K8Q,Q91N6KV1,1.2039728
129,155,Q9C89K8Q,O0SP2EX9,1.1676052
155,129,O0SP2EX9,Q9C89K8Q,1.1676052
10,129,O0JH75L5,Q9C89K8Q,1.0986123
129,10,Q9C89K8Q,O0JH75L5,1.0986123
130,203,O04HNRIW,A0AD6VASP,1.609438
203,130,A0AD6VASP,O04HNRIW,1.609438
56,130,P0SYLZTM,O04HNRIW,1.2039728
130,56,O04HNRIW,P0SYLZTM,1.2039728
58,130,A0AKH2VL2,O04HNRIW,1.2039728
130,58,O04HNRIW,A0AKH2VL2,1.2039728
107,130,O08QOLDK,O04HNRIW,1.0498221
130,107,O04HNRIW,O08QOLDK,1.0498221
128,130,Q9QJJA2S,O04HNRIW,1.0498221
130,128,O04HNRIW,Q9QJJA2S,1.0498221
130,155,O04HNRIW,O0SP2EX9,1.0498221
155,130,O0SP2EX9,O04HNRIW,1.0498221
130,191,O04HNRIW,A0AX5WVFL,1.0498221
191,130,A0AX5WVFL,O04HNRIW,1.0498221
50,130,O0M35IXZ,O04HNRIW,0.98082924
130,50,O04HNRIW,O0M35IXZ,0.98082924
130,183,O04HNRIW,O0D6MZSL,0.98082924
183,130,O0D6MZSL,O04HNRIW,0.98082924
129,130,Q9C89K8Q,O04HNRIW,0.91629076
130,129,O04HNRIW,Q9C89K8Q,0.91629076
131,214,P09K9XJD,O0CV3TLF,1.6784308
214,131,O0CV3TLF,P09K9XJD,1.6784308
131,133,P09K9XJD,Q9WYZX4G,1.4552872
133,131,Q9WYZX4G,P09K9XJD,1.4552872
131,157,P09K9XJD,P0PXNF7E,1.4552872
157,131,P0PXNF7E,P09K9XJD,1.4552872
131,173,P09K9XJD,Q92W37DG,1.4552872
173,131,Q92W37DG,P09K9XJD,1.4552872
131,145,P09K9XJD,P0CJ883F,1.3011365
145,131,P0CJ883F,P09K9XJD,1.3011365
131,155,P09K9XJD,O0SP2EX9,1.3011365
155,131,O0SP2EX9,P09K9XJD,1.3011365
10,131,O0JH75L5,P09K9XJD,1.2321436
131,10,P09K9XJD,O0JH75L5,1.2321436
131,179,P09K9XJD,P0FCPKJD,1.1676052
179,131,P0FCPKJD,P09K9XJD,1.1676052
131,190,P09K9XJD,P08RIECG,1.1676052
190,131,P08RIECG,P09K9XJD,1.1676052
132,146,O0361I2O,Q9XVA2II,1.4087672
146,132,Q9XVA2II,O0361I2O,1.4087672
132,156,O0361I2O,Q9P5O3OG,1.359977
156,132,Q9P5O3OG,O0361I2O,1.359977
132,141,O0361I2O,O0EBB9EP,1.2909842
141,132,O0EBB9EP,O0361I2O,1.2909842
132,169,O0361I2O,A0AH811KH,1.2264457
169,132,A0AH811KH,O0361I2O,1.2264457
132,195,O0361I2O,O0832EJ4,1.1086626
195,132,O0832EJ4,O0361I2O,1.1086626
73,132,Q9479T6B,O0361I2O,1.0033021
132,73,O0361I2O,Q9479T6B,1.0033021
0,132,A0AAJI0Y8,O0361I2O,1.0033021
132,0,O0361I2O,A0AAJI0Y8,1.0033021
86,132,O04GH2MR,O0361I2O,1.0033021
132,86,O0361I2O,O04GH2MR,1.0033021
116,132,P03KKV95,O0361I2O,1.0033021
132,116,O0361I2O,P03KKV95,1.0033021
132,139,O0361I2O,O037DIA9,1.0033021
139,132,O037DIA9,O0361I2O,1.0033021
132,140,O0361I2O,P06HC36T,1.0033021
140,132,P06HC36T,O0361I2O,1.0033021
132,184,O0361I2O,A0AIPPSFX,1.0033021
184,132,A0AIPPSFX,O0361I2O,1.0033021
133,157,Q9WYZX4G,P0PXNF7E,2.014903
157,133,P0PXNF7E,Q9WYZX4G,2.014903
133,158,Q9WYZX4G,A0A3DD039,1.609438
158,133,A0A3DD039,Q9WYZX4G,1.609438
133,155,Q9WYZX4G,O0SP2EX9,1.4552872
155,133,O0SP2EX9,Q9WYZX4G,1.4552872
133,169,Q9WYZX4G,A0AH811KH,1.3217559
169,133,A0AH811KH,Q9WYZX4G,1.3217559
134,152,A0ALPU0DS,P0Q8CROG,1.1239301
152,134,P0Q8CROG,A0ALPU0DS,1.1239301
47,134,Q97IF2G0,A0ALPU0DS,1.0593916
134,47,A0ALPU0DS,Q97IF2G0,1.0593916
102,134,Q9X63CFT,A0ALPU0DS,1.0593916
134,102,A0ALPU0DS,Q9X63CFT,1.0593916
134,219,A0ALPU0DS,P0NUVY8X,1.0593916
219,134,P0NUVY8X,A0ALPU0DS,1.0593916
15,134,A0AYTJXE1,A0ALPU0DS,1.0185696
134,15,A0ALPU0DS,A0AYTJXE1,1.0185696
113,134,O08XF7KR,A0ALPU0DS,1.0185696
134,113,A0ALPU0DS,O08XF7KR,1.0185696
49,134,P0FZNBQM,A0ALPU0DS,1.0185696
134,49,A0ALPU0DS,P0FZNBQM,1.0185696
24,134,P0CIYHE4,A0ALPU0DS,0.96977943
134,24,A0ALPU0DS,P0CIYHE4,0.96977943
106,134,A0A1GSPK1,A0ALPU0DS,0.910356
134,106,A0ALPU0DS,A0A1GSPK1,0.910356
13,134,O0DBDW21,A0ALPU0DS,0.83624804
134,13,A0ALPU0DS,O0DBDW21,0.83624804
23,134,Q9VAZCCC,A0ALPU0DS,0.83624804
134,23,A0ALPU0DS,Q9VAZCCC,0.83624804
73,134,Q9479T6B,A0ALPU0DS,0.83624804
134,73,A0ALPU0DS,Q9479T6B,0.83624804
100,134,O0KIZZQO,A0ALPU0DS,0.83624804
134,100,A0ALPU0DS,O0KIZZQO,0.83624804
135,139,P00GET87,O037DIA9,1.2039728
139,135,O037DIA9,P00GET87,1.2039728
135,196,P00GET87,P0TD44KK,1.2039728
196,135,P0TD44KK,P00GET87,1.2039728
135,185,P00GET87,P0N1YBWV,1.2039728
185,135,P0N1YBWV,P00GET87,1.2039728
135,208,P00GET87,A0AMMX3Y4,1.1086626
208,135,A0AMMX3Y4,P00GET87,1.1086626
135,151,P00GET87,O0QNVQHC,1.0498221
151,135,O0QNVQHC,P00GET87,1.0498221
113,135,O08XF7KR,P00GET87,0.98082924
135,113,P00GET87,O08XF7KR,0.98082924
135,143,P00GET87,O0X4W7KX,0.98082924
143,135,O0X4W7KX,P00GET87,0.98082924
135,164,P00GET87,Q9UOFWB7,0.98082924
164,135,Q9UOFWB7,P00GET87,0.98082924
53,135,A0ADP0LV6,P00GET87,0.91629076
135,53,P00GET87,A0ADP0LV6,0.91629076
136,157,P03J3R3V,P0PXNF7E,1.4552872
157,136,P0PXNF7E,P03J3R3V,1.4552872
10,136,O0JH75L5,P03J3R3V,1.2321436
136,10,P03J3R3V,O0JH75L5,1.2321436
136,183,P03J3R3V,O0D6MZSL,1.2321436
183,136,O0D6MZSL,P03J3R3V,1.2321436
136,174,P03J3R3V,Q9POC50O,1.2321436
174,136,Q9POC50O,P03J3R3V,1.2321436
136,173,P03J3R3V,Q92W37DG,1.1676052
173,136,Q92W37DG,P03J3R3V,1.1676052
136,214,P03J3R3V,O0CV3TLF,1.1676052
214,136,O0CV3TLF,P03J3R3V,1.1676052
25,136,Q923GDP1,P03J3R3V,1.1368335
136,25,P03J3R3V,Q923GDP1,1.1368335
137,186,A0AQC1IYZ,A0ALUNJ4J,1.5606477
186,137,A0ALUNJ4J,A0AQC1IYZ,1.5606477
15,137,A0AYTJXE1,A0AQC1IYZ,1.2321436
137,15,A0AQC1IYZ,A0AYTJXE1,1.2321436
50,137,O0M35IXZ,A0AQC1IYZ,1.2321436
137,50,A0AQC1IYZ,O0M35IXZ,1.2321436
137,211,A0AQC1IYZ,P0BXK5BV,1.2321436
211,137,P0BXK5BV,A0AQC1IYZ,1.2321436
137,167,A0AQC1IYZ,O0VOHSMH,1.2321436
167,137,O0VOHSMH,A0AQC1IYZ,1.2321436
138,142,P0DOJENQ,Q9NN8ZTJ,1.3093333
142,138,Q9NN8ZTJ,P0DOJENQ,1.3093333
54,138,A0ANUJZA8,P0DOJENQ,1.2039728
138,54,P0DOJENQ,A0ANUJZA8,1.2039728
138,198,P0DOJENQ,P07OONNF,1.2039728
198,138,P07OONNF,P0DOJENQ,1.2039728
138,185,P0DOJENQ,P0N1YBWV,1.2039728
185,138,P0N1YBWV,P0DOJENQ,1.2039728
138,218,P0DOJENQ,Q94YPEIX,1.2039728
218,138,Q94YPEIX,P0DOJENQ,1.2039728
139,184,O037DIA9,A0AIPPSFX,1.3217559
184,139,A0AIPPSFX,O037DIA9,1.3217559
139,193,O037DIA9,O0II826M,1.3217559
193,139,O0II826M,O037DIA9,1.3217559
139,210,O037DIA9,Q95LLO34,1.3217559
210,139,Q95LLO34,O037DIA9,1.3217559
139,202,O037DIA9,O0EKKBP3,1.2729657
202,139,O0EKKBP3,O037DIA9,1.2729657
30,139,Q9OR56FA,O037DIA9,1.2039728
139,30,O037DIA9,Q9OR56FA,1.2039728
139,154,O037DIA9,P0WVZNVS,1.2039728
154,139,P0WVZNVS,O037DIA9,1.2039728
139,168,O037DIA9,P0YVSLHD,1.2039728
168,139,P0YVSLHD,O037DIA9,1.2039728
139,196,O037DIA9,P0TD44KK,1.2039728
196,139,P0TD44KK,O037DIA9,1.2039728
139,182,O037DIA9,O06UGVSD,1.2039728
182,139,O06UGVSD,O037DIA9,1.2039728
140,172,P06HC36T,O0UZPEAU,1.4271164
172,140,O0UZPEAU,P06HC36T,1.4271164
73,140,Q9479T6B,P06HC36T,1.3217559
140,73,P06HC36T,Q9479T6B,1.3217559
140,199,P06HC36T,P0ILDZMJ,1.3217559
199,140,P0ILDZMJ,P06HC36T,1.3217559
140,216,P06HC36T,O0B5M9JD,1.2264457
216,140,O0B5M9JD,P06HC36T,1.2264457
15,140,A0AYTJXE1,P06HC36T,1.0986123
140,15,P06HC36T,A0AYTJXE1,1.0986123
50,140,O0M35IXZ,P06HC36T,1.0986123
140,50,P06HC36T,O0M35IXZ,1.0986123
140,209,P06HC36T,Q93C1QKC,1.0986123
209,140,Q93C1QKC,P06HC36T,1.0986123
47,140,Q97IF2G0,P06HC36T,1.0340737
140,47,P06HC36T,Q97IF2G0,1.0340737
140,146,P06HC36T,Q9XVA2II,1.0340737
146,140,Q9XVA2II,P06HC36T,1.0340737
141,188,O0EBB9EP,Q9V7LN2I,1.3217559
188,141,Q9V7LN2I,O0EBB9EP,1.3217559
40,141,A0A7EEDTR,O0EBB9EP,1.2039728
141,40,O0EBB9EP,A0A7EEDTR,1.2039728
55,141,Q9NCXLLH,O0EBB9EP,1.2039728
141,55,O0EBB9EP,Q9NCXLLH,1.2039728
141,147,O0EBB9EP,Q9C1HH5V,1.2039728
147,141,Q9C1HH5V,O0EBB9EP,1.2039728
141,166,O0EBB9EP,A0AF1BCP1,1.2039728
166,141,A0AF1BCP1,O0EBB9EP,1.2039728
141,195,O0EBB9EP,O0832EJ4,1.2039728
195,141,O0832EJ4,O0EBB9EP,1.2039728
141,181,O0EBB9EP,A0AWSQT2C,1.2039728
181,141,A0AWSQT2C,O0EBB9EP,1.2039728
141,145,O0EBB9EP,P0CJ883F,1.0498221
145,141,P0CJ883F,O0EBB9EP,1.0498221
133,142,Q9WYZX4G,Q9NN8ZTJ,1.2039728
142,133,Q9NN8ZTJ,Q9WYZX4G,1.2039728
142,157,Q9NN8ZTJ,P0PXNF7E,1.2039728
157,142,P0PXNF7E,Q9NN8ZTJ,1.2039728
142,198,Q9NN8ZTJ,P07OONNF,1.2039728
198,142,P07OONNF,Q9NN8ZTJ,1.2039728
142,210,Q9NN8ZTJ,Q95LLO34,1.2039728
210,142,Q95LLO34,Q9NN8ZTJ,1.2039728
142,218,Q9NN8ZTJ,Q94YPEIX,1.2039728
218,142,Q94YPEIX,Q9NN8ZTJ,1.2039728
142,175,Q9NN8ZTJ,P02CWTGW,1.0861897
175,142,P02CWTGW,Q9NN8ZTJ,1.0861897
38,142,Q9755NF8,Q9NN8ZTJ,1.0498221
142,38,Q9NN8ZTJ,Q9755NF8,1.0498221
142,215,Q9NN8ZTJ,P0XLVPYW,1.0498221
215,142,P0XLVPYW,Q9NN8ZTJ,1.0498221
5,142,A0A9NT3WX,Q9NN8ZTJ,0.98082924
142,5,Q9NN8ZTJ,A0A9NT3WX,0.98082924
143,185,O0X4W7KX,P0N1YBWV,1.5040774
185,143,P0N1YBWV,O0X4W7KX,1.5040774
143,164,O0X4W7KX,Q9UOFWB7,1.2809339
164,143,Q9UOFWB7,O0X4W7KX,1.2809339
143,162,O0X4W7KX,O0493WXB,1.2321436
162,143,O0493WXB,O0X4W7KX,1.2321436
54,143,A0ANUJZA8,O0X4W7KX,1.0986123
143,54,O0X4W7KX,A0ANUJZA8,1.0986123
143,166,O0X4W7KX,A0AF1BCP1,1.0986123
166,143,A0AF1BCP1,O0X4W7KX,1.0986123
3,143,Q9ZMF8MF,O0X4W7KX,0.98082924
143,3,O0X4W7KX,Q9ZMF8MF,0.98082924
142,143,Q9NN8ZTJ,O0X4W7KX,0.98082924
143,142,O0X4W7KX,Q9NN8ZTJ,0.98082924
7,143,A0ANQ4FMR,O0X4W7KX,0.9444616
143,7,O0X4W7KX,A0ANQ4FMR,0.9444616
38,143,Q9755NF8,O0X4W7KX,0.9444616
143,38,O0X4W7KX,Q9755NF8,0.9444616
93,143,Q9J9TZE5,O0X4W7KX,0.9444616
143,93,O0X4W7KX,Q9J9TZE5,0.9444616
143,204,O0X4W7KX,Q9KAMUGF,0.9444616
204,143,Q9KAMUGF,O0X4W7KX,0.9444616
144,154,Q9P84DY8,P0WVZNVS,1.3217559
154,144,P0WVZNVS,Q9P84DY8,1.3217559
144,165,Q9P84DY8,Q9NQFLLF,1.3217559
165,144,Q9NQFLLF,Q9P84DY8,1.3217559
144,219,Q9P84DY8,P0NUVY8X,1.3217559
219,144,P0NUVY8X,Q9P84DY8,1.3217559
144,162,Q9P84DY8,O0493WXB,1.1676052
162,144,O0493WXB,Q9P84DY8,1.1676052
144,191,Q9P84DY8,A0AX5WVFL,1.1676052
191,144,A0AX5WVFL,Q9P84DY8,1.1676052
5,144,A0A9NT3WX,Q9P84DY8,1.0986123
144,5,Q9P84DY8,A0A9NT3WX,1.0986123
50,144,O0M35IXZ,Q9P84DY8,1.0986123
144,50,Q9P84DY8,O0M35IXZ,1.0986123
70,144,O0C3O18B,Q9P84DY8,1.0986123
144,70,Q9P84DY8,O0C3O18B,1.0986123
144,171,Q9P84DY8,P0C5BA7U,1.0986123
171,144,P0C5BA7U,Q9P84DY8,1.0986123
144,148,Q9P84DY8,Q92VJ998,1.0593916
148,144,Q92VJ998,Q9P84DY8,1.0593916
36,144,P0IOYKLE,Q9P84DY8,1.0340737
144,36,Q9P84DY8,P0IOYKLE,1.0340737
145,172,P0CJ883F,O0UZPEAU,1.5606477
172,145,O0UZPEAU,P0CJ883F,1.5606477
145,190,P0CJ883F,P08RIECG,1.4552872
190,145,P08RIECG,P0CJ883F,1.4552872
145,206,P0CJ883F,O0BNN0ME,1.3375041
206,145,O0BNN0ME,P0CJ883F,1.3375041
145,178,P0CJ883F,O011Q7UU,1.3011365
178,145,O011Q7UU,P0CJ883F,1.3011365
145,160,P0CJ883F,A0A8VMUH4,1.2321436
160,145,A0A8VMUH4,P0CJ883F,1.2321436
145,209,P0CJ883F,Q93C1QKC,1.2321436
209,145,Q93C1QKC,P0CJ883F,1.2321436
73,146,Q9479T6B,Q9XVA2II,1.3217559
146,73,Q9XVA2II,Q9479T6B,1.3217559
146,186,Q9XVA2II,A0ALUNJ4J,1.2039728
186,146,A0ALUNJ4J,Q9XVA2II,1.2039728
137,146,A0AQC1IYZ,Q9XVA2II,1.1676052
146,137,Q9XVA2II,A0AQC1IYZ,1.1676052
146,156,Q9XVA2II,Q9P5O3OG,1.1676052
156,146,Q9P5O3OG,Q9XVA2II,1.1676052
113,146,O08XF7KR,Q9XVA2II,1.0986123
146,113,Q9XVA2II,O08XF7KR,1.0986123
146,171,Q9XVA2II,P0C5BA7U,1.0986123
171,146,P0C5BA7U,Q9XVA2II,1.0986123
146,169,Q9XVA2II,A0AH811KH,1.0340737
169,146,A0AH811KH,Q9XVA2II,1.0340737
146,184,Q9XVA2II,A0AIPPSFX,1.0340737
184,146,A0AIPPSFX,Q9XVA2II,1.0340737
146,193,Q9XVA2II,O0II826M,1.0340737
193,146,O0II826M,Q9XVA2II,1.0340737
147,211,Q9C1HH5V,P0BXK5BV,1.3862944
211,147,P0BXK5BV,Q9C1HH5V,1.3862944
147,188,Q9C1HH5V,Q9V7LN2I,1.3217559
188,147,Q9V7LN2I,Q9C1HH5V,1.3217559
40,147,A0A7EEDTR,Q9C1HH5V,1.2039728
147,40,Q9C1HH5V,A0A7EEDTR,1.2039728
147,206,Q9C1HH5V,O0BNN0ME,1.2039728
206,147,O0BNN0ME,Q9C1HH5V,1.2039728
147,181,Q9C1HH5V,A0AWSQT2C,1.2039728
181,147,A0AWSQT2C,Q9C1HH5V,1.2039728
17,147,A0A5KXVFK,Q9C1HH5V,1.0498221
147,17,Q9C1HH5V,A0A5KXVFK,1.0498221
100,148,O0KIZZQO,Q92VJ998,1.2417132
148,100,Q92VJ998,O0KIZZQO,1.2417132
83,148,Q9P08J38,Q92VJ998,1.0593916
148,83,Q92VJ998,Q9P08J38,1.0593916
70,148,O0C3O18B,Q92VJ998,1.0185696
148,70,Q92VJ998,O0C3O18B,1.0185696
148,180,Q92VJ998,P0SLQC3E,0.9903987
180,148,P0SLQC3E,Q92VJ998,0.9903987
11,148,O05XFF08,Q92VJ998,0.96977943
148,11,Q92VJ998,O05XFF08,0.96977943
41,148,P0VZHWJ5,Q92VJ998,0.96977943
148,41,Q92VJ998,P0VZHWJ5,0.96977943
148,172,Q92VJ998,O0UZPEAU,0.94160855
172,148,O0UZPEAU,Q92VJ998,0.94160855
92,148,P093KMK8,Q92VJ998,0.83624804
148,92,Q92VJ998,P093KMK8,0.83624804
125,148,A0APY6B2S,Q92VJ998,0.83624804
148,125,Q92VJ998,A0APY6B2S,0.83624804
148,194,Q92VJ998,P0YUP126,0.83624804
194,148,P0YUP126,Q92VJ998,0.83624804
27,148,P02DGTFL,Q92VJ998,0.83624804
148,27,Q92VJ998,P02DGTFL,0.83624804
36,148,P0IOYKLE,Q92VJ998,0.83624804
148,36,Q92VJ998,P0IOYKLE,0.83624804
45,148,Q9PBN78C,Q92VJ998,0.83624804
148,45,Q92VJ998,Q9PBN78C,0.83624804
149,188,P02D5EMP,Q9V7LN2I,1.3217559
188,149,Q9V7LN2I,P02D5EMP,1.3217559
59,149,O0YS280F,P02D5EMP,1.0986123
149,59,P02D5EMP,O0YS280F,1.0986123
119,149,O0Z3NX3J,P02D5EMP,0.98082924
149,119,P02D5EMP,O0Z3NX3J,0.98082924
149,195,P02D5EMP,O0832EJ4,0.98082924
195,149,O0832EJ4,P02D5EMP,0.98082924
17,149,A0A5KXVFK,P02D5EMP,0.9444616
149,17,P02D5EMP,A0A5KXVFK,0.9444616
77,149,A0A18HAFI,P02D5EMP,0.9444616
149,77,P02D5EMP,A0A18HAFI,0.9444616
98,149,P0UC8D1N,P02D5EMP,0.9444616
149,98,P02D5EMP,P0UC8D1N,0.9444616
58,150,A0AKH2VL2,P0AJEPEE,1.3217559
150,58,P0AJEPEE,A0AKH2VL2,1.3217559
150,152,P0AJEPEE,P0Q8CROG,1.2039728
152,150,P0Q8CROG,P0AJEPEE,1.2039728
150,172,P0AJEPEE,O0UZPEAU,1.2039728
172,150,O0UZPEAU,P0AJEPEE,1.2039728
150,178,P0AJEPEE,O011Q7UU,1.1676052
178,150,O011Q7UU,P0AJEPEE,1.1676052
8,150,A0AVG0FN9,P0AJEPEE,1.0986123
150,8,P0AJEPEE,A0AVG0FN9,1.0986123
151,168,O0QNVQHC,P0YVSLHD,1.4552872
168,151,P0YVSLHD,O0QNVQHC,1.4552872
151,208,O0QNVQHC,A0AMMX3Y4,1.359977
208,151,A0AMMX3Y4,O0QNVQHC,1.359977
151,215,O0QNVQHC,P0XLVPYW,1.3011365
215,151,P0XLVPYW,O0QNVQHC,1.3011365
151,163,O0QNVQHC,P0BJ17ML,1.2321436
163,151,P0BJ17ML,O0QNVQHC,1.2321436
151,205,O0QNVQHC,P0CSS9TY,1.2321436
205,151,P0CSS9TY,O0QNVQHC,1.2321436
151,193,O0QNVQHC,O0II826M,1.1676052
193,151,O0II826M,O0QNVQHC,1.1676052
151,218,O0QNVQHC,Q94YPEIX,1.1676052
218,151,Q94YPEIX,O0QNVQHC,1.1676052
152,172,P0Q8CROG,O0UZPEAU,1.3093333
172,152,O0UZPEAU,P0Q8CROG,1.3093333
100,152,O0KIZZQO,P0Q8CROG,1.2039728
152,100,P0Q8CROG,O0KIZZQO,1.2039728
152,219,P0Q8CROG,P0NUVY8X,1.2039728
219,152,P0NUVY8X,P0Q8CROG,1.2039728
152,160,P0Q8CROG,A0A8VMUH4,1.2039728
160,152,A0A8VMUH4,P0Q8CROG,1.2039728
58,153,A0AKH2VL2,O0ZP6LFI,1.3217559
153,58,O0ZP6LFI,A0AKH2VL2,1.3217559
153,184,O0ZP6LFI,A0AIPPSFX,1.3217559
184,153,A0AIPPSFX,O0ZP6LFI,1.3217559
5,153,A0A9NT3WX,O0ZP6LFI,1.0986123
153,5,O0ZP6LFI,A0A9NT3WX,1.0986123
153,193,O0ZP6LFI,O0II826M,1.0340737
193,153,O0II826M,O0ZP6LFI,1.0340737
153,200,O0ZP6LFI,Q9B7R314,1.0340737
200,153,Q9B7R314,O0ZP6LFI,1.0340737
153,210,O0ZP6LFI,Q95LLO34,1.0340737
210,153,Q95LLO34,O0ZP6LFI,1.0340737
91,153,A0A08YG0R,O0ZP6LFI,0.91629076
153,91,O0ZP6LFI,A0A08YG0R,0.91629076
54,153,A0ANUJZA8,O0ZP6LFI,0.91629076
153,54,O0ZP6LFI,A0ANUJZA8,0.91629076
76,153,A0AQ0B8IE,O0ZP6LFI,0.91629076
153,76,O0ZP6LFI,A0AQ0B8IE,0.91629076
154,162,P0WVZNVS,O0493WXB,1.7429693
162,154,O0493WXB,P0WVZNVS,1.7429693
154,189,P0WVZNVS,A0AXPNNGN,1.609438
189,154,A0AXPNNGN,P0WVZNVS,1.609438
154,175,P0WVZNVS,P02CWTGW,1.4916549
175,154,P02CWTGW,P0WVZNVS,1.4916549
154,164,P0WVZNVS,Q9UOFWB7,1.3862944
164,154,Q9UOFWB7,P0WVZNVS,1.3862944
154,219,P0WVZNVS,P0NUVY8X,1.3217559
219,154,P0NUVY8X,P0WVZNVS,1.3217559
91,154,A0A08YG0R,P0WVZNVS,1.2039728
154,91,P0WVZNVS,A0A08YG0R,1.2039728
155,157,O0SP2EX9,P0PXNF7E,1.4552872
157,155,P0PXNF7E,O0SP2EX9,1.4552872
155,203,O0SP2EX9,A0AD6VASP,1.4552872
203,155,A0AD6VASP,O0SP2EX9,1.4552872
155,158,O0SP2EX9,A0A3DD039,1.3375041
158,155,A0A3DD039,O0SP2EX9,1.3375041
10,155,O0JH75L5,O0SP2EX9,1.2321436
155,10,O0SP2EX9,O0JH75L5,1.2321436
155,173,O0SP2EX9,Q92W37DG,1.1676052
173,155,Q92W37DG,O0SP2EX9,1.1676052
156,186,Q9P5O3OG,A0ALUNJ4J,1.3375041
186,156,A0ALUNJ4J,Q9P5O3OG,1.3375041
156,195,Q9P5O3OG,O0832EJ4,1.3375041
195,156,O0832EJ4,Q9P5O3OG,1.3375041
0,156,A0AAJI0Y8,Q9P5O3OG,1.0498221
156,0,Q9P5O3OG,A0AAJI0Y8,1.0498221
141,156,O0EBB9EP,Q9P5O3OG,1.0498221
156,141,Q9P5O3OG,O0EBB9EP,1.0498221
147,156,Q9C1HH5V,Q9P5O3OG,1.0498221
156,147,Q9P5O3OG,Q9C1HH5V,1.0498221
156,206,Q9P5O3OG,O0BNN0ME,1.0498221
206,156,O0BNN0ME,Q9P5O3OG,1.0498221
156,181,Q9P5O3OG,A0AWSQT2C,1.0498221
181,156,A0AWSQT2C,Q9P5O3OG,1.0498221
157,158,P0PXNF7E,A0A3DD039,1.609438
158,157,A0A3DD039,P0PXNF7E,1.609438
157,159,P0PXNF7E,A0AVULEM1,1.4552872
159,157,A0AVULEM1,P0PXNF7E,1.4552872
114,158,O049ITN6,A0A3DD039,1.2039728
158,114,A0A3DD039,O049ITN6,1.2039728
97,158,Q91N6KV1,A0A3DD039,1.0861897
158,97,A0A3DD039,Q91N6KV1,1.0861897
159,215,A0AVULEM1,P0XLVPYW,1.3011365
215,159,P0XLVPYW,A0AVULEM1,1.3011365
15,159,A0AYTJXE1,A0AVULEM1,1.2321436
159,15,A0AVULEM1,A0AYTJXE1,1.2321436
159,184,A0AVULEM1,A0AIPPSFX,1.1676052
184,159,A0AIPPSFX,A0AVULEM1,1.1676052
91,159,A0A08YG0R,A0AVULEM1,1.0498221
159,91,A0AVULEM1,A0A08YG0R,1.0498221
159,160,A0AVULEM1,A0A8VMUH4,0.9444616
160,159,A0A8VMUH4,A0AVULEM1,0.9444616
91,160,A0A08YG0R,A0A8VMUH4,1.3862944
160,91,A0A8VMUH4,A0A08YG0R,1.3862944
15,160,A0AYTJXE1,A0A8VMUH4,1.2809339
160,15,A0A8VMUH4,A0AYTJXE1,1.2809339
160,172,A0A8VMUH4,O0UZPEAU,1.2039728
172,160,O0UZPEAU,A0A8VMUH4,1.2039728
160,206,A0A8VMUH4,O0BNN0ME,1.2039728
206,160,O0BNN0ME,A0A8VMUH4,1.2039728
13,160,O0DBDW21,A0A8VMUH4,1.0986123
160,13,A0A8VMUH4,O0DBDW21,1.0986123
92,160,P093KMK8,A0A8VMUH4,1.0986123
160,92,A0A8VMUH4,P093KMK8,1.0986123
45,160,Q9PBN78C,A0A8VMUH4,1.0986123
160,45,A0A8VMUH4,Q9PBN78C,1.0986123
161,190,Q94MUEKO,P08RIECG,1.3217559
190,161,P08RIECG,Q94MUEKO,1.3217559
161,214,Q94MUEKO,O0CV3TLF,1.3217559
214,161,O0CV3TLF,Q94MUEKO,1.3217559
40,161,A0A7EEDTR,Q94MUEKO,1.2039728
161,40,Q94MUEKO,A0A7EEDTR,1.2039728
162,185,O0493WXB,P0N1YBWV,1.4552872
185,162,P0N1YBWV,O0493WXB,1.4552872
162,204,O0493WXB,Q9KAMUGF,1.3011365
204,162,Q9KAMUGF,O0493WXB,1.3011365
162,183,O0493WXB,O0D6MZSL,1.2321436
183,162,O0D6MZSL,O0493WXB,1.2321436
162,164,O0493WXB,Q9UOFWB7,1.2321436
164,162,Q9UOFWB7,O0493WXB,1.2321436
162,189,O0493WXB,A0AXPNNGN,1.1676052
189,162,A0AXPNNGN,O0493WXB,1.1676052
162,200,O0493WXB,Q9B7R314,1.1676052
200,162,Q9B7R314,O0493WXB,1.1676052
91,162,A0A08YG0R,O0493WXB,1.0498221
162,91,O0493WXB,A0A08YG0R,1.0498221
100,163,O0KIZZQO,P0BJ17ML,1.0986123
163,100,P0BJ17ML,O0KIZZQO,1.0986123
157,163,P0PXNF7E,P0BJ17ML,1.0986123
163,157,P0BJ17ML,P0PXNF7E,1.0986123
43,163,P01WJ0T1,P0BJ17ML,0.98082924
163,43,P0BJ17ML,P01WJ0T1,0.98082924
7,163,A0ANQ4FMR,P0BJ17ML,0.9444616
163,7,P0BJ17ML,A0ANQ4FMR,0.9444616
17,163,A0A5KXVFK,P0BJ17ML,0.9444616
163,17,P0BJ17ML,A0A5KXVFK,0.9444616
65,163,O0EQTUL2,P0BJ17ML,0.9444616
163,65,P0BJ17ML,O0EQTUL2,0.9444616
163,177,P0BJ17ML,Q9V1XG15,0.9444616
177,163,Q9V1XG15,P0BJ17ML,0.9444616
113,163,O08XF7KR,P0BJ17ML,0.87546873
163,113,P0BJ17ML,O08XF7KR,0.87546873
21,163,Q971YZOX,P0BJ17ML,0.87546873
163,21,P0BJ17ML,Q971YZOX,0.87546873
164,168,Q9UOFWB7,P0YVSLHD,1.3862944
168,164,P0YVSLHD,Q9UOFWB7,1.3862944
164,185,Q9UOFWB7,P0N1YBWV,1.3217559
185,164,P0N1YBWV,Q9UOFWB7,1.3217559
164,177,Q9UOFWB7,Q9V1XG15,1.2321436
177,164,Q9V1XG15,Q9UOFWB7,1.2321436
13,164,O0DBDW21,Q9UOFWB7,1.0986123
164,13,Q9UOFWB7,O0DBDW21,1.0986123
54,164,A0ANUJZA8,Q9UOFWB7,1.0986123
164,54,Q9UOFWB7,A0ANUJZA8,1.0986123
164,166,Q9UOFWB7,A0AF1BCP1,1.0986123
166,164,A0AF1BCP1,Q9UOFWB7,1.0986123
165,189,Q9NQFLLF,A0AXPNNGN,1.3217559
189,165,A0AXPNNGN,Q9NQFLLF,1.3217559
165,210,Q9NQFLLF,Q95LLO34,1.3217559
210,165,Q95LLO34,Q9NQFLLF,1.3217559
165,219,Q9NQFLLF,P0NUVY8X,1.3217559
219,165,P0NUVY8X,Q9NQFLLF,1.3217559
166,184,A0AF1BCP1,A0AIPPSFX,1.3217559
184,166,A0AIPPSFX,A0AF1BCP1,1.3217559
55,166,Q9NCXLLH,A0AF1BCP1,1.2039728
166,55,A0AF1BCP1,Q9NCXLLH,1.2039728
166,196,A0AF1BCP1,P0TD44KK,1.2039728
196,166,P0TD44KK,A0AF1BCP1,1.2039728
166,182,A0AF1BCP1,O06UGVSD,1.2039728
182,166,O06UGVSD,A0AF1BCP1,1.2039728
167,186,O0VOHSMH,A0ALUNJ4J,1.3862944
186,167,A0ALUNJ4J,O0VOHSMH,1.3862944
73,167,Q9479T6B,O0VOHSMH,1.0986123
167,73,O0VOHSMH,Q9479T6B,1.0986123
0,167,A0AAJI0Y8,O0VOHSMH,1.0986123
167,0,O0VOHSMH,A0AAJI0Y8,1.0986123
68,167,A0AZIM6CJ,O0VOHSMH,1.0986123
167,68,O0VOHSMH,A0AZIM6CJ,1.0986123
167,217,O0VOHSMH,A0AYOS0FB,1.0033021
217,167,A0AYOS0FB,O0VOHSMH,1.0033021
9,167,Q9Y41IBU,O0VOHSMH,0.98082924
167,9,O0VOHSMH,Q9Y41IBU,0.98082924
17,167,A0A5KXVFK,O0VOHSMH,0.9444616
167,17,O0VOHSMH,A0A5KXVFK,0.9444616
77,167,A0A18HAFI,O0VOHSMH,0.9444616
167,77,O0VOHSMH,A0A18HAFI,0.9444616
168,177,P0YVSLHD,Q9V1XG15,1.4552872
177,168,Q9V1XG15,P0YVSLHD,1.4552872
168,208,P0YVSLHD,A0AMMX3Y4,1.2909842
208,168,A0AMMX3Y4,P0YVSLHD,1.2909842
154,168,P0WVZNVS,P0YVSLHD,1.2039728
168,154,P0YVSLHD,P0WVZNVS,1.2039728
168,175,P0YVSLHD,P02CWTGW,1.2039728
175,168,P02CWTGW,P0YVSLHD,1.2039728
168,182,P0YVSLHD,O06UGVSD,1.2039728
182,168,O06UGVSD,P0YVSLHD,1.2039728
73,169,Q9479T6B,A0AH811KH,1.3217559
169,73,A0AH811KH,Q9479T6B,1.3217559
137,169,A0AQC1IYZ,A0AH811KH,1.1676052
169,137,A0AH811KH,A0AQC1IYZ,1.1676052
169,171,A0AH811KH,P0C5BA7U,1.0986123
171,169,P0C5BA7U,A0AH811KH,1.0986123
99,169,P0XFGCA2,A0AH811KH,1.0340737
169,99,A0AH811KH,P0XFGCA2,1.0340737
170,211,A0ARPETI9,P0BXK5BV,1.5040774
211,170,P0BXK5BV,A0ARPETI9,1.5040774
137,170,A0AQC1IYZ,A0ARPETI9,1.1676052
170,137,A0ARPETI9,A0AQC1IYZ,1.1676052
170,178,A0ARPETI9,O011Q7UU,1.1676052
178,170,O011Q7UU,A0ARPETI9,1.1676052
5,170,A0A9NT3WX,A0ARPETI9,1.0986123
170,5,A0ARPETI9,A0A9NT3WX,1.0986123
8,170,A0AVG0FN9,A0ARPETI9,1.0986123
170,8,A0ARPETI9,A0AVG0FN9,1.0986123
15,170,A0AYTJXE1,A0ARPETI9,1.0986123
170,15,A0ARPETI9,A0AYTJXE1,1.0986123
18,170,A0AVREN9T,A0ARPETI9,1.0986123
170,18,A0ARPETI9,A0AVREN9T,1.0986123
50,170,O0M35IXZ,A0ARPETI9,1.0986123
170,50,A0ARPETI9,O0M35IXZ,1.0986123
40,170,A0A7EEDTR,A0ARPETI9,0.91629076
170,40,A0ARPETI9,A0A7EEDTR,0.91629076
31,170,O0J2QP89,A0ARPETI9,0.91629076
170,31,A0ARPETI9,O0J2QP89,0.91629076
171,191,P0C5BA7U,A0AX5WVFL,1.9252908
191,171,A0AX5WVFL,P0C5BA7U,1.9252908
23,171,Q9VAZCCC,P0C5BA7U,1.0986123
171,23,P0C5BA7U,Q9VAZCCC,1.0986123
58,171,A0AKH2VL2,P0C5BA7U,1.0986123
171,58,P0C5BA7U,A0AKH2VL2,1.0986123
85,171,P05IQVNB,P0C5BA7U,0.98082924
171,85,P0C5BA7U,P05IQVNB,0.98082924
97,171,Q91N6KV1,P0C5BA7U,0.98082924
171,97,P0C5BA7U,Q91N6KV1,0.98082924
100,172,O0KIZZQO,O0UZPEAU,1.2039728
172,100,O0UZPEAU,O0KIZZQO,1.2039728
172,219,O0UZPEAU,P0NUVY8X,1.2039728
219,172,P0NUVY8X,O0UZPEAU,1.2039728
97,173,Q91N6KV1,Q92W37DG,1.2039728
173,97,Q92W37DG,Q91N6KV1,1.2039728
8,173,A0AVG0FN9,Q92W37DG,1.0986123
173,8,Q92W37DG,A0AVG0FN9,1.0986123
10,173,O0JH75L5,Q92W37DG,1.0986123
173,10,Q92W37DG,O0JH75L5,1.0986123
174,214,Q9POC50O,O0CV3TLF,1.3217559
214,174,O0CV3TLF,Q9POC50O,1.3217559
114,174,O049ITN6,Q9POC50O,1.0986123
174,114,Q9POC50O,O049ITN6,1.0986123
161,174,Q94MUEKO,Q9POC50O,1.0986123
174,161,Q9POC50O,Q94MUEKO,1.0986123
173,174,Q92W37DG,Q9POC50O,1.0986123
174,173,Q9POC50O,Q92W37DG,1.0986123
16,174,Q9Q85JSL,Q9POC50O,0.98082924
174,16,Q9POC50O,Q9Q85JSL,0.98082924
97,174,Q91N6KV1,Q9POC50O,0.98082924
174,97,Q9POC50O,Q91N6KV1,0.98082924
74,174,A0AXEQBNN,Q9POC50O,0.9444616
174,74,Q9POC50O,A0AXEQBNN,0.9444616
79,174,A0A2FLU7Y,Q9POC50O,0.9444616
174,79,Q9POC50O,A0A2FLU7Y,0.9444616
109,174,O0DJE15A,Q9POC50O,0.9444616
174,109,Q9POC50O,O0DJE15A,0.9444616
175,189,P02CWTGW,A0AXPNNGN,1.4271164
189,175,A0AXPNNGN,P02CWTGW,1.4271164
23,175,Q9VAZCCC,P02CWTGW,1.2039728
175,23,P02CWTGW,Q9VAZCCC,1.2039728
175,198,P02CWTGW,P07OONNF,1.2039728
198,175,P07OONNF,P02CWTGW,1.2039728
175,210,P02CWTGW,Q95LLO34,1.2039728
210,175,Q95LLO34,P02CWTGW,1.2039728
175,182,P02CWTGW,O06UGVSD,1.0861897
182,175,O06UGVSD,P02CWTGW,1.0861897
162,175,O0493WXB,P02CWTGW,1.0498221
175,162,P02CWTGW,O0493WXB,1.0498221
175,177,P02CWTGW,Q9V1XG15,1.0498221
177,175,Q9V1XG15,P02CWTGW,1.0498221
97,176,Q91N6KV1,P0033IFM,1.2039728
176,97,P0033IFM,Q91N6KV1,1.2039728
10,176,O0JH75L5,P0033IFM,1.0986123
176,10,P0033IFM,O0JH75L5,1.0986123
7,176,A0ANQ4FMR,P0033IFM,1.0498221
176,7,P0033IFM,A0ANQ4FMR,1.0498221
74,176,A0AXEQBNN,P0033IFM,1.0498221
176,74,P0033IFM,A0AXEQBNN,1.0498221
136,176,P03J3R3V,P0033IFM,1.0498221
176,136,P0033IFM,P03J3R3V,1.0498221
115,176,Q95J2O76,P0033IFM,1.0216513
176,115,P0033IFM,Q95J2O76,1.0216513
176,192,P0033IFM,Q9ZBNZ8S,1.0216513
192,176,Q9ZBNZ8S,P0033IFM,1.0216513
25,176,Q923GDP1,P0033IFM,1.0033021
176,25,P0033IFM,Q923GDP1,1.0033021
122,176,A0AQ8MYXV,P0033IFM,1.0033021
176,122,P0033IFM,A0AQ8MYXV,1.0033021
133,176,Q9WYZX4G,P0033IFM,0.91629076
176,133,P0033IFM,Q9WYZX4G,0.91629076
157,176,P0PXNF7E,P0033IFM,0.91629076
176,157,P0033IFM,P0PXNF7E,0.91629076
177,188,Q9V1XG15,Q9V7LN2I,1.1676052
188,177,Q9V7LN2I,Q9V1XG15,1.1676052
31,177,O0J2QP89,Q9V1XG15,1.0498221
177,31,Q9V1XG15,O0J2QP89,1.0498221
55,177,Q9NCXLLH,Q9V1XG15,1.0498221
177,55,Q9V1XG15,Q9NCXLLH,1.0498221
68,177,A0AZIM6CJ,Q9V1XG15,1.0498221
177,68,Q9V1XG15,A0AZIM6CJ,1.0498221
86,177,O04GH2MR,Q9V1XG15,1.0498221
177,86,Q9V1XG15,O04GH2MR,1.0498221
116,177,P03KKV95,Q9V1XG15,1.0498221
177,116,Q9V1XG15,P03KKV95,1.0498221
139,177,O037DIA9,Q9V1XG15,1.0498221
177,139,Q9V1XG15,O037DIA9,1.0498221
141,177,O0EBB9EP,Q9V1XG15,1.0498221
177,141,Q9V1XG15,O0EBB9EP,1.0498221
154,177,P0WVZNVS,Q9V1XG15,1.0498221
177,154,Q9V1XG15,P0WVZNVS,1.0498221
15,178,A0AYTJXE1,O011Q7UU,1.2321436
178,15,O011Q7UU,A0AYTJXE1,1.2321436
178,211,O011Q7UU,P0BXK5BV,1.2321436
211,178,P0BXK5BV,O011Q7UU,1.2321436
34,178,A0A4CC5OP,O011Q7UU,1.1676052
178,34,O011Q7UU,A0A4CC5OP,1.1676052
133,179,Q9WYZX4G,P0FCPKJD,1.3217559
179,133,P0FCPKJD,Q9WYZX4G,1.3217559
128,179,Q9QJJA2S,P0FCPKJD,1.1676052
179,128,P0FCPKJD,Q9QJJA2S,1.1676052
5,179,A0A9NT3WX,P0FCPKJD,1.0986123
179,5,P0FCPKJD,A0A9NT3WX,1.0986123
129,179,Q9C89K8Q,P0FCPKJD,1.0340737
179,129,P0FCPKJD,Q9C89K8Q,1.0340737
173,179,Q92W37DG,P0FCPKJD,1.0340737
179,173,P0FCPKJD,Q92W37DG,1.0340737
40,179,A0A7EEDTR,P0FCPKJD,0.91629076
179,40,P0FCPKJD,A0A7EEDTR,0.91629076
91,179,A0A08YG0R,P0FCPKJD,0.91629076
179,91,P0FCPKJD,A0A08YG0R,0.91629076
76,179,A0AQ0B8IE,P0FCPKJD,0.91629076
179,76,P0FCPKJD,A0AQ0B8IE,0.91629076
28,179,P0Q5C34G,P0FCPKJD,0.91629076
179,28,P0FCPKJD,P0Q5C34G,0.91629076
97,179,Q91N6KV1,P0FCPKJD,0.91629076
179,97,P0FCPKJD,Q91N6KV1,0.91629076
91,180,A0A08YG0R,P0SLQC3E,1.2039728
180,91,P0SLQC3E,A0A08YG0R,1.2039728
70,180,O0C3O18B,P0SLQC3E,1.0986123
180,70,P0SLQC3E,O0C3O18B,1.0986123
24,180,P0CIYHE4,P0SLQC3E,1.0498221
180,24,P0SLQC3E,P0CIYHE4,1.0498221
41,180,P0VZHWJ5,P0SLQC3E,1.0498221
180,41,P0SLQC3E,P0VZHWJ5,1.0498221
180,206,P0SLQC3E,O0BNN0ME,1.0216513
206,180,O0BNN0ME,P0SLQC3E,1.0216513
23,180,Q9VAZCCC,P0SLQC3E,0.91629076
180,23,P0SLQC3E,Q9VAZCCC,0.91629076
92,180,P093KMK8,P0SLQC3E,0.91629076
180,92,P0SLQC3E,P093KMK8,0.91629076
100,180,O0KIZZQO,P0SLQC3E,0.91629076
180,100,P0SLQC3E,O0KIZZQO,0.91629076
125,180,A0APY6B2S,P0SLQC3E,0.91629076
180,125,P0SLQC3E,A0APY6B2S,0.91629076
165,180,Q9NQFLLF,P0SLQC3E,0.91629076
180,165,P0SLQC3E,Q9NQFLLF,0.91629076
180,194,P0SLQC3E,P0YUP126,0.91629076
194,180,P0YUP126,P0SLQC3E,0.91629076
31,181,O0J2QP89,A0AWSQT2C,1.2039728
181,31,A0AWSQT2C,O0J2QP89,1.2039728
181,195,A0AWSQT2C,O0832EJ4,1.0216513
195,181,O0832EJ4,A0AWSQT2C,1.0216513
132,181,O0361I2O,A0AWSQT2C,1.0033021
181,132,A0AWSQT2C,O0361I2O,1.0033021
13,181,O0DBDW21,A0AWSQT2C,0.91629076
181,13,A0AWSQT2C,O0DBDW21,0.91629076
0,181,A0AAJI0Y8,A0AWSQT2C,0.91629076
181,0,A0AWSQT2C,A0AAJI0Y8,0.91629076
68,181,A0AZIM6CJ,A0AWSQT2C,0.91629076
181,68,A0AWSQT2C,A0AZIM6CJ,0.91629076
86,181,O04GH2MR,A0AWSQT2C,0.91629076
181,86,A0AWSQT2C,O04GH2MR,0.91629076
22,181,O06QICA9,A0AWSQT2C,0.91629076
181,22,A0AWSQT2C,O06QICA9,0.91629076
82,181,P0APRPN3,A0AWSQT2C,0.91629076
181,82,A0AWSQT2C,P0APRPN3,0.91629076
181,184,A0AWSQT2C,A0AIPPSFX,0.91629076
184,181,A0AIPPSFX,A0AWSQT2C,0.91629076
21,181,Q971YZOX,A0AWSQT2C,0.91629076
181,21,A0AWSQT2C,Q971YZOX,0.91629076
157,182,P0PXNF7E,O06UGVSD,1.2039728
182,157,O06UGVSD,P0PXNF7E,1.2039728
154,182,P0WVZNVS,O06UGVSD,1.2039728
182,154,O06UGVSD,P0WVZNVS,1.2039728
182,210,O06UGVSD,Q95LLO34,1.2039728
210,182,Q95LLO34,O06UGVSD,1.2039728
61,182,Q93FB9WE,O06UGVSD,1.0498221
182,61,O06UGVSD,Q93FB9WE,1.0498221
109,182,O0DJE15A,O06UGVSD,1.0498221
182,109,O06UGVSD,O0DJE15A,1.0498221
136,182,P03J3R3V,O06UGVSD,1.0498221
182,136,O06UGVSD,P03J3R3V,1.0498221
182,204,O06UGVSD,Q9KAMUGF,1.0498221
204,182,Q9KAMUGF,O06UGVSD,1.0498221
183,196,O0D6MZSL,P0TD44KK,1.3862944
196,183,P0TD44KK,O0D6MZSL,1.3862944
183,204,O0D6MZSL,Q9KAMUGF,1.2321436
204,183,Q9KAMUGF,O0D6MZSL,1.2321436
58,184,A0AKH2VL2,A0AIPPSFX,1.3217559
184,58,A0AIPPSFX,A0AKH2VL2,1.3217559
184,193,A0AIPPSFX,O0II826M,1.3217559
193,184,O0II826M,A0AIPPSFX,1.3217559
145,184,P0CJ883F,A0AIPPSFX,1.1676052
184,145,A0AIPPSFX,P0CJ883F,1.1676052
113,184,O08XF7KR,A0AIPPSFX,1.0986123
184,113,A0AIPPSFX,O08XF7KR,1.0986123
183,185,O0D6MZSL,P0N1YBWV,1.0986123
185,183,P0N1YBWV,O0D6MZSL,1.0986123
15,186,A0AYTJXE1,A0ALUNJ4J,1.3862944
186,15,A0ALUNJ4J,A0AYTJXE1,1.3862944
0,186,A0AAJI0Y8,A0ALUNJ4J,1.2039728
186,0,A0ALUNJ4J,A0AAJI0Y8,1.2039728
55,186,Q9NCXLLH,A0ALUNJ4J,1.2039728
186,55,A0ALUNJ4J,Q9NCXLLH,1.2039728
187,200,P0CX7LXZ,Q9B7R314,1.1394343
200,187,Q9B7R314,P0CX7LXZ,1.1394343
3,187,Q9ZMF8MF,P0CX7LXZ,1.0216513
187,3,P0CX7LXZ,Q9ZMF8MF,1.0216513
175,187,P02CWTGW,P0CX7LXZ,1.0216513
187,175,P0CX7LXZ,P02CWTGW,1.0216513
13,187,O0DBDW21,P0CX7LXZ,0.91629076
187,13,P0CX7LXZ,O0DBDW21,0.91629076
73,187,Q9479T6B,P0CX7LXZ,0.91629076
187,73,P0CX7LXZ,Q9479T6B,0.91629076
76,187,A0AQ0B8IE,P0CX7LXZ,0.91629076
187,76,P0CX7LXZ,A0AQ0B8IE,0.91629076
187,196,P0CX7LXZ,P0TD44KK,0.91629076
196,187,P0TD44KK,P0CX7LXZ,0.91629076
187,198,P0CX7LXZ,P07OONNF,0.91629076
198,187,P07OONNF,P0CX7LXZ,0.91629076
185,187,P0N1YBWV,P0CX7LXZ,0.91629076
187,185,P0CX7LXZ,P0N1YBWV,0.91629076
187,193,P0CX7LXZ,O0II826M,0.91629076
193,187,O0II826M,P0CX7LXZ,0.91629076
43,187,P01WJ0T1,P0CX7LXZ,0.7985077
187,43,P0CX7LXZ,P01WJ0T1,0.7985077
61,187,Q93FB9WE,P0CX7LXZ,0.76214004
187,61,P0CX7LXZ,Q93FB9WE,0.76214004
75,187,O0L1N13Q,P0CX7LXZ,0.76214004
187,75,P0CX7LXZ,O0L1N13Q,0.76214004
8,188,A0AVG0FN9,Q9V7LN2I,1.0986123
188,8,Q9V7LN2I,A0AVG0FN9,1.0986123
6,188,Q9ZBIKCO,Q9V7LN2I,1.0986123
188,6,Q9V7LN2I,Q9ZBIKCO,1.0986123
99,188,P0XFGCA2,Q9V7LN2I,1.0340737
188,99,Q9V7LN2I,P0XFGCA2,1.0340737
23,189,Q9VAZCCC,A0AXPNNGN,1.3217559
189,23,A0AXPNNGN,Q9VAZCCC,1.3217559
189,219,A0AXPNNGN,P0NUVY8X,1.3217559
219,189,P0NUVY8X,A0AXPNNGN,1.3217559
34,189,A0A4CC5OP,A0AXPNNGN,1.0340737
189,34,A0AXPNNGN,A0A4CC5OP,1.0340737
144,189,Q9P84DY8,A0AXPNNGN,1.0340737
189,144,A0AXPNNGN,Q9P84DY8,1.0340737
58,190,A0AKH2VL2,P08RIECG,1.3217559
190,58,P08RIECG,A0AKH2VL2,1.3217559
190,203,P08RIECG,A0AD6VASP,1.3217559
203,190,A0AD6VASP,P08RIECG,1.3217559
11,190,O05XFF08,P08RIECG,1.1676052
190,11,P08RIECG,O05XFF08,1.1676052
178,190,O011Q7UU,P08RIECG,1.1676052
190,178,P08RIECG,O011Q7UU,1.1676052
190,191,P08RIECG,A0AX5WVFL,1.1676052
191,190,A0AX5WVFL,P08RIECG,1.1676052
50,190,O0M35IXZ,P08RIECG,1.0986123
190,50,P08RIECG,O0M35IXZ,1.0986123
183,190,O0D6MZSL,P08RIECG,1.0986123
190,183,P08RIECG,O0D6MZSL,1.0986123
190,211,P08RIECG,P0BXK5BV,1.0986123
211,190,P0BXK5BV,P08RIECG,1.0986123
30,191,Q9OR56FA,A0AX5WVFL,1.0498221
191,30,A0AX5WVFL,Q9OR56FA,1.0498221
54,191,A0ANUJZA8,A0AX5WVFL,1.0498221
191,54,A0AX5WVFL,A0ANUJZA8,1.0498221
78,191,O0YUHZ1K,A0AX5WVFL,1.0498221
191,78,A0AX5WVFL,O0YUHZ1K,1.0498221
126,191,P0NFTU2K,A0AX5WVFL,1.0498221
191,126,A0AX5WVFL,P0NFTU2K,1.0498221
154,191,P0WVZNVS,A0AX5WVFL,1.0498221
191,154,A0AX5WVFL,P0WVZNVS,1.0498221
161,191,Q94MUEKO,A0AX5WVFL,1.0498221
191,161,A0AX5WVFL,Q94MUEKO,1.0498221
165,191,Q9NQFLLF,A0AX5WVFL,1.0498221
191,165,A0AX5WVFL,Q9NQFLLF,1.0498221
100,192,O0KIZZQO,Q9ZBNZ8S,1.2039728
192,100,Q9ZBNZ8S,O0KIZZQO,1.2039728
11,192,O05XFF08,Q9ZBNZ8S,1.0498221
192,11,Q9ZBNZ8S,O05XFF08,1.0498221
61,192,Q93FB9WE,Q9ZBNZ8S,1.0498221
192,61,Q9ZBNZ8S,Q93FB9WE,1.0498221
65,192,O0EQTUL2,Q9ZBNZ8S,1.0498221
192,65,Q9ZBNZ8S,O0EQTUL2,1.0498221
131,192,P09K9XJD,Q9ZBNZ8S,1.0498221
192,131,Q9ZBNZ8S,P09K9XJD,1.0498221
136,192,P03J3R3V,Q9ZBNZ8S,1.0498221
192,136,Q9ZBNZ8S,P03J3R3V,1.0498221
10,192,O0JH75L5,Q9ZBNZ8S,0.98082924
192,10,Q9ZBNZ8S,O0JH75L5,0.98082924
15,192,A0AYTJXE1,Q9ZBNZ8S,0.98082924
192,15,Q9ZBNZ8S,A0AYTJXE1,0.98082924
192,213,Q9ZBNZ8S,P09RR7SF,0.98082924
213,192,P09RR7SF,Q9ZBNZ8S,0.98082924
47,192,Q97IF2G0,Q9ZBNZ8S,0.91629076
192,47,Q9ZBNZ8S,Q97IF2G0,0.91629076
53,192,A0ADP0LV6,Q9ZBNZ8S,0.91629076
192,53,Q9ZBNZ8S,A0ADP0LV6,0.91629076
150,192,P0AJEPEE,Q9ZBNZ8S,0.91629076
192,150,Q9ZBNZ8S,P0AJEPEE,0.91629076
192,214,Q9ZBNZ8S,O0CV3TLF,0.91629076
214,192,O0CV3TLF,Q9ZBNZ8S,0.91629076
193,196,O0II826M,P0TD44KK,1.3217559
196,193,P0TD44KK,O0II826M,1.3217559
113,193,O08XF7KR,O0II826M,1.0986123
193,113,O0II826M,O08XF7KR,1.0986123
185,193,P0N1YBWV,O0II826M,1.0340737
193,185,O0II826M,P0N1YBWV,1.0340737
193,200,O0II826M,Q9B7R314,1.0340737
200,193,Q9B7R314,O0II826M,1.0340737
193,208,O0II826M,A0AMMX3Y4,1.0033021
208,193,A0AMMX3Y4,O0II826M,1.0033021
30,193,Q9OR56FA,O0II826M,0.91629076
193,30,O0II826M,Q9OR56FA,0.91629076
31,193,O0J2QP89,O0II826M,0.91629076
193,31,O0II826M,O0J2QP89,0.91629076
67,193,Q94J1RI2,O0II826M,0.91629076
193,67,O0II826M,Q94J1RI2,0.91629076
165,194,Q9NQFLLF,P0YUP126,1.2039728
194,165,P0YUP126,Q9NQFLLF,1.2039728
11,194,O05XFF08,P0YUP126,1.0498221
194,11,P0YUP126,O05XFF08,1.0498221
41,194,P0VZHWJ5,P0YUP126,1.0498221
194,41,P0YUP126,P0VZHWJ5,1.0498221
74,194,A0AXEQBNN,P0YUP126,1.0498221
194,74,P0YUP126,A0AXEQBNN,1.0498221
178,194,O011Q7UU,P0YUP126,1.0498221
194,178,P0YUP126,O011Q7UU,1.0498221
13,194,O0DBDW21,P0YUP126,0.91629076
194,13,P0YUP126,O0DBDW21,0.91629076
58,194,A0AKH2VL2,P0YUP126,0.91629076
194,58,P0YUP126,A0AKH2VL2,0.91629076
92,194,P093KMK8,P0YUP126,0.91629076
194,92,P0YUP126,P093KMK8,0.91629076
71,195,O0R7KO60,O0832EJ4,1.0861897
195,71,O0832EJ4,O0R7KO60,1.0861897
7,195,A0ANQ4FMR,O0832EJ4,1.0498221
195,7,O0832EJ4,A0ANQ4FMR,1.0498221
177,195,Q9V1XG15,O0832EJ4,1.0498221
195,177,O0832EJ4,Q9V1XG15,1.0498221
113,195,O08XF7KR,O0832EJ4,0.98082924
195,113,O0832EJ4,O08XF7KR,0.98082924
22,195,O06QICA9,O0832EJ4,0.91629076
195,22,O0832EJ4,O06QICA9,0.91629076
82,195,P0APRPN3,O0832EJ4,0.91629076
195,82,O0832EJ4,P0APRPN3,0.91629076
99,195,P0XFGCA2,O0832EJ4,0.91629076
195,99,O0832EJ4,P0XFGCA2,0.91629076
146,195,Q9XVA2II,O0832EJ4,0.91629076
195,146,O0832EJ4,Q9XVA2II,0.91629076
169,195,A0AH811KH,O0832EJ4,0.91629076
195,169,O0832EJ4,A0AH811KH,0.91629076
196,200,P0TD44KK,Q9B7R314,1.3217559
200,196,Q9B7R314,P0TD44KK,1.3217559
30,196,Q9OR56FA,P0TD44KK,1.2039728
196,30,P0TD44KK,Q9OR56FA,1.2039728
196,198,P0TD44KK,P07OONNF,1.2039728
198,196,P07OONNF,P0TD44KK,1.2039728
8,197,A0AVG0FN9,P0QS3D62,1.1856236
197,8,P0QS3D62,A0AVG0FN9,1.1856236
137,197,A0AQC1IYZ,P0QS3D62,1.1368335
197,137,P0QS3D62,A0AQC1IYZ,1.1368335
73,197,Q9479T6B,P0QS3D62,1.0033021
197,73,P0QS3D62,Q9479T6B,1.0033021
147,197,Q9C1HH5V,P0QS3D62,1.0033021
197,147,P0QS3D62,Q9C1HH5V,1.0033021
197,217,P0QS3D62,A0AYOS0FB,0.90799195
217,197,A0AYOS0FB,P0QS3D62,0.90799195
198,200,P07OONNF,Q9B7R314,1.3217559
200,198,Q9B7R314,P07OONNF,1.3217559
154,198,P0WVZNVS,P07OONNF,1.2039728
198,154,P07OONNF,P0WVZNVS,1.2039728
165,198,Q9NQFLLF,P07OONNF,1.2039728
198,165,P07OONNF,Q9NQFLLF,1.2039728
27,199,P02DGTFL,P0ILDZMJ,1.0340737
199,27,P0ILDZMJ,P02DGTFL,1.0340737
83,199,Q9P08J38,P0ILDZMJ,1.0340737
199,83,P0ILDZMJ,Q9P08J38,1.0340737
150,199,P0AJEPEE,P0ILDZMJ,1.0340737
199,150,P0ILDZMJ,P0AJEPEE,1.0340737
188,199,Q9V7LN2I,P0ILDZMJ,1.0340737
199,188,P0ILDZMJ,Q9V7LN2I,1.0340737
199,216,P0ILDZMJ,O0B5M9JD,1.0033021
216,199,O0B5M9JD,P0ILDZMJ,1.0033021
54,199,A0ANUJZA8,P0ILDZMJ,0.91629076
199,54,P0ILDZMJ,A0ANUJZA8,0.91629076
116,199,P03KKV95,P0ILDZMJ,0.91629076
199,116,P0ILDZMJ,P03KKV95,0.91629076
200,215,Q9B7R314,P0XLVPYW,1.1676052
215,200,P0XLVPYW,Q9B7R314,1.1676052
70,200,O0C3O18B,Q9B7R314,1.0986123
200,70,Q9B7R314,O0C3O18B,1.0986123
30,200,Q9OR56FA,Q9B7R314,0.91629076
200,30,Q9B7R314,Q9OR56FA,0.91629076
23,201,Q9VAZCCC,O0W6AHF7,1.2039728
201,23,O0W6AHF7,Q9VAZCCC,1.2039728
30,201,Q9OR56FA,O0W6AHF7,1.2039728
201,30,O0W6AHF7,Q9OR56FA,1.2039728
65,201,O0EQTUL2,O0W6AHF7,1.0498221
201,65,O0W6AHF7,O0EQTUL2,1.0498221
151,201,O0QNVQHC,O0W6AHF7,1.0498221
201,151,O0W6AHF7,O0QNVQHC,1.0498221
178,201,O011Q7UU,O0W6AHF7,1.0498221
201,178,O0W6AHF7,O011Q7UU,1.0498221
30,202,Q9OR56FA,O0EKKBP3,1.0498221
202,30,O0EKKBP3,Q9OR56FA,1.0498221
154,202,P0WVZNVS,O0EKKBP3,1.0498221
202,154,O0EKKBP3,P0WVZNVS,1.0498221
196,202,P0TD44KK,O0EKKBP3,1.0498221
202,196,O0EKKBP3,P0TD44KK,1.0498221
138,202,P0DOJENQ,O0EKKBP3,1.0498221
202,138,O0EKKBP3,P0DOJENQ,1.0498221
202,210,O0EKKBP3,Q95LLO34,0.9852836
210,202,Q95LLO34,O0EKKBP3,0.9852836
18,202,A0AVREN9T,O0EKKBP3,0.9444616
202,18,O0EKKBP3,A0AVREN9T,0.9444616
65,202,O0EQTUL2,O0EKKBP3,0.8956714
202,65,O0EKKBP3,O0EQTUL2,0.8956714
93,202,Q9J9TZE5,O0EKKBP3,0.8956714
202,93,O0EKKBP3,Q9J9TZE5,0.8956714
162,202,O0493WXB,O0EKKBP3,0.8956714
202,162,O0EKKBP3,O0493WXB,0.8956714
202,204,O0EKKBP3,Q9KAMUGF,0.8956714
204,202,Q9KAMUGF,O0EKKBP3,0.8956714
3,202,Q9ZMF8MF,O0EKKBP3,0.86750054
202,3,O0EKKBP3,Q9ZMF8MF,0.86750054
135,202,P00GET87,O0EKKBP3,0.86750054
202,135,O0EKKBP3,P00GET87,0.86750054
23,202,Q9VAZCCC,O0EKKBP3,0.76214004
202,23,O0EKKBP3,Q9VAZCCC,0.76214004
54,202,A0ANUJZA8,O0EKKBP3,0.76214004
202,54,O0EKKBP3,A0ANUJZA8,0.76214004
183,203,O0D6MZSL,A0AD6VASP,1.0986123
203,183,A0AD6VASP,O0D6MZSL,1.0986123
203,216,A0AD6VASP,O0B5M9JD,1.0033021
216,203,O0B5M9JD,A0AD6VASP,1.0033021
55,203,Q9NCXLLH,A0AD6VASP,0.91629076
203,55,A0AD6VASP,Q9NCXLLH,0.91629076
76,204,A0AQ0B8IE,Q9KAMUGF,1.0498221
204,76,Q9KAMUGF,A0AQ0B8IE,1.0498221
154,204,P0WVZNVS,Q9KAMUGF,1.0498221
204,154,Q9KAMUGF,P0WVZNVS,1.0498221
166,204,A0AF1BCP1,Q9KAMUGF,1.0498221
204,166,Q9KAMUGF,A0AF1BCP1,1.0498221
168,204,P0YVSLHD,Q9KAMUGF,1.0498221
204,168,Q9KAMUGF,P0YVSLHD,1.0498221
196,204,P0TD44KK,Q9KAMUGF,1.0498221
204,196,Q9KAMUGF,P0TD44KK,1.0498221
175,204,P02CWTGW,Q9KAMUGF,1.0498221
204,175,Q9KAMUGF,P02CWTGW,1.0498221
110,204,O0OGN1WD,Q9KAMUGF,0.9444616
204,110,Q9KAMUGF,O0OGN1WD,0.9444616
92,205,P093KMK8,P0CSS9TY,1.0986123
205,92,P0CSS9TY,P093KMK8,1.0986123
100,205,O0KIZZQO,P0CSS9TY,1.0986123
205,100,P0CSS9TY,O0KIZZQO,1.0986123
157,205,P0PXNF7E,P0CSS9TY,1.0986123
205,157,P0CSS9TY,P0PXNF7E,1.0986123
205,213,P0CSS9TY,P09RR7SF,1.0986123
213,205,P09RR7SF,P0CSS9TY,1.0986123
43,205,P01WJ0T1,P0CSS9TY,0.98082924
205,43,P0CSS9TY,P01WJ0T1,0.98082924
123,205,O08W5RTE,P0CSS9TY,0.98082924
205,123,P0CSS9TY,O08W5RTE,0.98082924
175,205,P02CWTGW,P0CSS9TY,0.98082924
205,175,P0CSS9TY,P02CWTGW,0.98082924
201,205,O0W6AHF7,P0CSS9TY,0.98082924
205,201,P0CSS9TY,O0W6AHF7,0.98082924
92,206,P093KMK8,O0BNN0ME,1.2039728
206,92,O0BNN0ME,P093KMK8,1.2039728
0,206,A0AAJI0Y8,O0BNN0ME,1.2039728
206,0,O0BNN0ME,A0AAJI0Y8,1.2039728
152,206,P0Q8CROG,O0BNN0ME,1.0861897
206,152,O0BNN0ME,P0Q8CROG,1.0861897
172,206,O0UZPEAU,O0BNN0ME,1.0861897
206,172,O0BNN0ME,O0UZPEAU,1.0861897
41,207,P0VZHWJ5,P0IXDU1I,1.0498221
207,41,P0IXDU1I,P0VZHWJ5,1.0498221
88,207,O0XR2DHP,P0IXDU1I,1.0498221
207,88,P0IXDU1I,O0XR2DHP,1.0498221
151,207,O0QNVQHC,P0IXDU1I,1.0498221
207,151,P0IXDU1I,O0QNVQHC,1.0498221
124,207,Q9W790PG,P0IXDU1I,1.0216513
207,124,P0IXDU1I,Q9W790PG,1.0216513
92,207,P093KMK8,P0IXDU1I,0.91629076
207,92,P0IXDU1I,P093KMK8,0.91629076
100,207,O0KIZZQO,P0IXDU1I,0.91629076
207,100,P0IXDU1I,O0KIZZQO,0.91629076
165,207,Q9NQFLLF,P0IXDU1I,0.91629076
207,165,P0IXDU1I,Q9NQFLLF,0.91629076
194,207,P0YUP126,P0IXDU1I,0.91629076
207,194,P0IXDU1I,P0YUP126,0.91629076
66,207,O03T60RQ,P0IXDU1I,0.91629076
207,66,P0IXDU1I,O03T60RQ,0.91629076
89,207,P0XNTM99,P0IXDU1I,0.91629076
207,89,P0IXDU1I,P0XNTM99,0.91629076
60,207,P0SWM31T,P0IXDU1I,0.83624804
207,60,P0IXDU1I,P0SWM31T,0.83624804
201,207,O0W6AHF7,P0IXDU1I,0.7985077
207,201,P0IXDU1I,O0W6AHF7,0.7985077
206,207,O0BNN0ME,P0IXDU1I,0.7985077
207,206,P0IXDU1I,O0BNN0ME,0.7985077
76,208,A0AQ0B8IE,A0AMMX3Y4,1.0033021
208,76,A0AMMX3Y4,A0AQ0B8IE,1.0033021
139,208,O037DIA9,A0AMMX3Y4,1.0033021
208,139,A0AMMX3Y4,O037DIA9,1.0033021
196,208,P0TD44KK,A0AMMX3Y4,1.0033021
208,196,A0AMMX3Y4,P0TD44KK,1.0033021
208,218,A0AMMX3Y4,Q94YPEIX,1.0033021
218,208,Q94YPEIX,A0AMMX3Y4,1.0033021
3,208,Q9ZMF8MF,A0AMMX3Y4,0.8855191
208,3,A0AMMX3Y4,Q9ZMF8MF,0.8855191
123,208,O08W5RTE,A0AMMX3Y4,0.8855191
208,123,A0AMMX3Y4,O08W5RTE,0.8855191
142,208,Q9NN8ZTJ,A0AMMX3Y4,0.8855191
208,142,A0AMMX3Y4,Q9NN8ZTJ,0.8855191
65,208,O0EQTUL2,A0AMMX3Y4,0.84915143
208,65,A0AMMX3Y4,O0EQTUL2,0.84915143
75,208,O0L1N13Q,A0AMMX3Y4,0.84915143
208,75,A0AMMX3Y4,O0L1N13Q,0.84915143
172,209,O0UZPEAU,Q93C1QKC,1.2039728
209,172,Q93C1QKC,O0UZPEAU,1.2039728
165,209,Q9NQFLLF,Q93C1QKC,1.0986123
209,165,Q93C1QKC,Q9NQFLLF,1.0986123
49,209,P0FZNBQM,Q93C1QKC,1.0986123
209,49,Q93C1QKC,P0FZNBQM,1.0986123
201,209,O0W6AHF7,Q93C1QKC,0.98082924
209,201,Q93C1QKC,O0W6AHF7,0.98082924
206,209,O0BNN0ME,Q93C1QKC,0.98082924
209,206,Q93C1QKC,O0BNN0ME,0.98082924
41,209,P0VZHWJ5,Q93C1QKC,0.9444616
209,41,Q93C1QKC,P0VZHWJ5,0.9444616
107,209,O08QOLDK,Q93C1QKC,0.9444616
209,107,Q93C1QKC,O08QOLDK,0.9444616
180,209,P0SLQC3E,Q93C1QKC,0.91629076
209,180,Q93C1QKC,P0SLQC3E,0.91629076
5,209,A0A9NT3WX,Q93C1QKC,0.87546873
209,5,Q93C1QKC,A0A9NT3WX,0.87546873
23,210,Q9VAZCCC,Q95LLO34,1.3217559
210,23,Q95LLO34,Q9VAZCCC,1.3217559
5,210,A0A9NT3WX,Q95LLO34,1.0986123
210,5,Q95LLO34,A0A9NT3WX,1.0986123
172,212,O0UZPEAU,P0EN606Y,1.2039728
212,172,P0EN606Y,O0UZPEAU,1.2039728
45,212,Q9PBN78C,P0EN606Y,1.0986123
212,45,P0EN606Y,Q9PBN78C,1.0986123
41,212,P0VZHWJ5,P0EN606Y,0.9444616
212,41,P0EN606Y,P0VZHWJ5,0.9444616
145,212,P0CJ883F,P0EN606Y,0.9444616
212,145,P0EN606Y,P0CJ883F,0.9444616
191,212,A0AX5WVFL,P0EN606Y,0.9444616
212,191,P0EN606Y,A0AX5WVFL,0.9444616
50,212,O0M35IXZ,P0EN606Y,0.87546873
212,50,P0EN606Y,O0M35IXZ,0.87546873
183,212,O0D6MZSL,P0EN606Y,0.87546873
212,183,P0EN606Y,O0D6MZSL,0.87546873
209,212,Q93C1QKC,P0EN606Y,0.87546873
212,209,P0EN606Y,Q93C1QKC,0.87546873
69,212,Q9NFHOL3,P0EN606Y,0.8109302
212,69,P0EN606Y,Q9NFHOL3,0.8109302
72,212,Q9RJRNYZ,P0EN606Y,0.8109302
212,72,P0EN606Y,Q9RJRNYZ,0.8109302
140,212,P06HC36T,P0EN606Y,0.8109302
212,140,P0EN606Y,P06HC36T,0.8109302
190,212,P08RIECG,P0EN606Y,0.8109302
212,190,P0EN606Y,P08RIECG,0.8109302
200,212,Q9B7R314,P0EN606Y,0.8109302
212,200,P0EN606Y,Q9B7R314,0.8109302
212,219,P0EN606Y,P0NUVY8X,0.8109302
219,212,P0NUVY8X,P0EN606Y,0.8109302
56,213,P0SYLZTM,P09RR7SF,1.0986123
213,56,P09RR7SF,P0SYLZTM,1.0986123
100,213,O0KIZZQO,P09RR7SF,1.0986123
213,100,P09RR7SF,O0KIZZQO,1.0986123
139,213,O037DIA9,P09RR7SF,1.0986123
213,139,P09RR7SF,O037DIA9,1.0986123
87,213,A0ASGIOTP,P09RR7SF,1.0986123
213,87,P09RR7SF,A0ASGIOTP,1.0986123
142,213,Q9NN8ZTJ,P09RR7SF,0.98082924
213,142,P09RR7SF,Q9NN8ZTJ,0.98082924
17,213,A0A5KXVFK,P09RR7SF,0.9444616
213,17,P09RR7SF,A0A5KXVFK,0.9444616
65,213,O0EQTUL2,P09RR7SF,0.9444616
213,65,P09RR7SF,O0EQTUL2,0.9444616
29,213,A0AXTAD1P,P09RR7SF,0.91629076
213,29,P09RR7SF,A0AXTAD1P,0.91629076
163,213,P0BJ17ML,P09RR7SF,0.87546873
213,163,P09RR7SF,P0BJ17ML,0.87546873
19,213,Q9C58DRE,P09RR7SF,0.8109302
213,19,P09RR7SF,Q9C58DRE,0.8109302
58,214,A0AKH2VL2,O0CV3TLF,1.3217559
214,58,O0CV3TLF,A0AKH2VL2,1.3217559
157,214,P0PXNF7E,O0CV3TLF,1.3217559
214,157,O0CV3TLF,P0PXNF7E,1.3217559
97,214,Q91N6KV1,O0CV3TLF,1.2039728
214,97,O0CV3TLF,Q91N6KV1,1.2039728
157,215,P0PXNF7E,P0XLVPYW,1.4552872
215,157,P0XLVPYW,P0PXNF7E,1.4552872
34,215,A0A4CC5OP,P0XLVPYW,1.1676052
215,34,P0XLVPYW,A0A4CC5OP,1.1676052
102,215,Q9X63CFT,P0XLVPYW,1.1676052
215,102,P0XLVPYW,Q9X63CFT,1.1676052
215,218,P0XLVPYW,Q94YPEIX,1.1676052
218,215,Q94YPEIX,P0XLVPYW,1.1676052
8,216,A0AVG0FN9,O0B5M9JD,1.1856236
216,8,O0B5M9JD,A0AVG0FN9,1.1856236
211,216,P0BXK5BV,O0B5M9JD,1.1856236
216,211,O0B5M9JD,P0BXK5BV,1.1856236
31,216,O0J2QP89,O0B5M9JD,1.0033021
216,31,O0B5M9JD,O0J2QP89,1.0033021
86,216,O04GH2MR,O0B5M9JD,1.0033021
216,86,O0B5M9JD,O04GH2MR,1.0033021
147,216,Q9C1HH5V,O0B5M9JD,1.0033021
216,147,O0B5M9JD,Q9C1HH5V,1.0033021
1,216,A0AVBDIV9,O0B5M9JD,0.9232594
216,1,O0B5M9JD,A0AVBDIV9,0.9232594
186,216,A0ALUNJ4J,O0B5M9JD,0.8855191
216,186,O0B5M9JD,A0ALUNJ4J,0.8855191
11,216,O05XFF08,O0B5M9JD,0.84915143
216,11,O0B5M9JD,O05XFF08,0.84915143
31,217,O0J2QP89,A0AYOS0FB,1.0033021
217,31,A0AYOS0FB,O0J2QP89,1.0033021
68,217,A0AZIM6CJ,A0AYOS0FB,1.0033021
217,68,A0AYOS0FB,A0AZIM6CJ,1.0033021
86,217,O04GH2MR,A0AYOS0FB,1.0033021
217,86,A0AYOS0FB,O04GH2MR,1.0033021
117,217,Q9QRL1NU,A0AYOS0FB,1.0033021
217,117,A0AYOS0FB,Q9QRL1NU,1.0033021
22,217,O06QICA9,A0AYOS0FB,1.0033021
217,22,A0AYOS0FB,O06QICA9,1.0033021
35,217,A0AWPVS7N,A0AYOS0FB,0.8855191
217,35,A0AYOS0FB,A0AWPVS7N,0.8855191
7,217,A0ANQ4FMR,A0AYOS0FB,0.84915143
217,7,A0AYOS0FB,A0ANQ4FMR,0.84915143
17,217,A0A5KXVFK,A0AYOS0FB,0.84915143
217,17,A0AYOS0FB,A0A5KXVFK,0.84915143
79,217,A0A2FLU7Y,A0AYOS0FB,0.84915143
217,79,A0AYOS0FB,A0A2FLU7Y,0.84915143
98,217,P0UC8D1N,A0AYOS0FB,0.84915143
217,98,A0AYOS0FB,P0UC8D1N,0.84915143
137,217,A0AQC1IYZ,A0AYOS0FB,0.84915143
217,137,A0AYOS0FB,A0AQC1IYZ,0.84915143
36,218,P0IOYKLE,Q94YPEIX,1.0340737
218,36,Q94YPEIX,P0IOYKLE,1.0340737
63,218,Q9XA11D1,Q94YPEIX,1.0340737
218,63,Q94YPEIX,Q9XA11D1,1.0340737
185,218,P0N1YBWV,Q94YPEIX,1.0340737
218,185,Q94YPEIX,P0N1YBWV,1.0340737
189,218,A0AXPNNGN,Q94YPEIX,1.0340737
218,189,Q94YPEIX,A0AXPNNGN,1.0340737
67,218,Q94J1RI2,Q94YPEIX,0.91629076
218,67,Q94YPEIX,Q94J1RI2,0.91629076
23,219,Q9VAZCCC,P0NUVY8X,1.3217559
219,23,P0NUVY8X,Q9VAZCCC,1.3217559
18,219,A0AVREN9T,P0NUVY8X,1.0986123
219,18,P0NUVY8X,A0AVREN9T,1.0986123
50,219,O0M35IXZ,P0NUVY8X,1.0986123
219,50,P0NUVY8X,O0M35IXZ,1.0986123
70,219,O0C3O18B,P0NUVY8X,1.0986123
219,70,P0NUVY8X,O0C3O18B,1.0986123
94,219,A0A5UQPGD,P0NUVY8X,1.0986123
219,94,P0NUVY8X,A0A5UQPGD,1.0986123
